SKUID,23-02-2019,24-02-2019,25-02-2019,26-02-2019,27-02-2019,28-02-2019,01-03-2019,02-03-2019,03-03-2019,04-03-2019,05-03-2019,06-03-2019,07-03-2019,08-03-2019
1001,97,60,51,69,15,31,20,28,60,95,6,0,38,23
1003,8,66,59,23,69,56,21,0,52,37,93,37,28,45
1004,100,75,25,44,80,56,95,31,21,73,27,37,79,84
1005,49,4,101,94,71,49,50,38,77,89,86,4,59,35
1016,73,56,79,82,37,83,67,11,28,17,32,0,44,65
1022,73,62,29,79,0,28,12,42,43,1,27,55,53,78
1025,28,5,77,87,48,88,16,77,81,31,72,8,99,66
1028,54,60,20,59,22,48,24,87,46,42,100,98,48,85
1039,59,27,21,99,56,1,73,39,12,3,74,83,6,33
1042,76,27,28,97,73,45,94,88,8,70,68,76,6,23
1048,86,7,87,21,25,19,50,63,23,18,66,10,46,42
1052,100,47,40,53,39,10,50,7,0,38,53,44,31,33
1053,59,8,95,47,74,56,88,74,0,67,15,94,0,55
1054,46,46,34,72,85,24,8,10,42,59,72,72,17,95
1055,53,80,55,22,20,72,53,2,81,66,67,30,80,40
1056,92,60,32,27,100,16,63,47,60,12,2,55,75,20
1057,46,67,39,63,79,13,39,66,88,13,65,36,17,77
1058,84,97,37,53,78,55,79,70,19,92,28,80,96,73
1059,77,61,70,84,63,66,64,85,49,73,10,71,20,72
1060,34,70,59,58,67,61,10,69,78,83,65,42,22,0
1061,10,83,49,86,89,43,58,86,34,68,92,80,53,59
1062,5,94,37,34,67,67,55,97,96,72,23,101,25,64
1063,79,3,45,14,8,89,57,53,53,5,30,69,16,38
1064,47,52,69,1,57,35,1,62,63,72,30,93,52,93
1065,22,17,24,65,68,21,63,87,62,65,85,17,48,14
1066,89,22,78,38,55,41,41,78,31,3,47,82,11,5
1067,26,61,44,7,0,21,26,87,65,62,90,56,67,26
1069,88,16,23,70,18,100,101,35,29,29,38,0,73,16
1070,1,0,3,39,39,15,0,14,64,23,13,68,2,9
1071,80,22,45,79,37,27,40,28,95,94,88,3,97,37
1072,33,73,7,2,94,48,7,97,47,70,27,38,64,25
1073,55,57,29,77,54,20,65,35,39,13,72,61,89,18
1074,87,45,93,20,24,22,42,75,74,62,58,8,83,31
1075,52,45,54,42,29,34,53,71,80,14,41,30,32,77
1076,79,45,96,30,100,76,81,5,65,58,40,80,46,89
1078,26,70,1,26,85,101,39,23,100,19,56,34,11,37
1080,95,16,34,59,91,48,19,90,28,19,80,24,18,43
1083,5,93,27,57,11,65,31,98,54,13,27,48,65,68
1085,76,33,79,56,44,33,6,28,91,11,81,45,80,1
1087,20,52,5,90,99,93,27,49,6,24,75,84,88,63
1088,66,76,8,24,93,90,33,4,12,63,35,94,69,25
1090,37,49,78,84,66,2,57,55,64,35,16,88,25,27
1091,28,93,56,42,43,36,92,54,71,82,10,96,82,49
1092,23,67,71,66,36,99,58,93,90,56,17,34,101,54
1094,9,44,68,47,61,89,11,56,67,98,64,69,11,85
1095,45,44,46,93,74,50,4,10,67,28,60,62,101,85
1096,59,58,49,49,6,60,74,60,99,11,25,85,79,0
1097,22,5,24,91,64,74,97,37,46,7,5,92,43,68
1099,61,86,92,83,59,2,73,76,92,6,54,25,16,48
1100,36,85,26,5,6,20,22,99,15,91,101,79,21,93
1101,64,31,80,44,48,11,88,13,86,74,2,52,71,66
1103,100,50,69,16,39,36,71,41,31,75,89,52,97,34
1104,28,96,5,31,31,27,60,27,52,51,24,11,78,56
1105,79,94,99,71,98,58,82,100,30,34,96,42,61,35
1106,82,88,83,8,26,50,43,95,52,59,24,38,101,71
1107,39,83,62,23,17,31,0,100,13,90,61,60,55,79
1109,73,93,24,59,92,65,15,4,51,81,59,86,22,18
1110,2,10,43,15,2,74,35,99,44,58,33,77,5,58
1111,89,14,78,34,65,59,62,38,24,79,34,47,76,39
1112,31,70,65,88,48,47,78,48,7,96,98,10,37,100
1114,11,21,76,23,70,82,60,45,4,15,15,10,96,88
1116,30,51,55,93,11,86,22,42,36,59,93,45,40,68
1117,92,66,2,91,36,64,61,24,91,30,10,41,15,19
1118,87,58,59,27,57,88,12,4,98,42,41,27,99,19
1119,32,53,19,80,51,67,89,36,41,79,53,28,97,36
1120,90,56,15,33,101,78,16,45,37,77,96,72,50,61
1122,27,14,30,71,5,35,5,65,43,48,88,5,4,59
1123,41,88,100,27,21,40,77,55,42,3,36,64,36,67
1124,20,79,44,7,1,26,37,62,29,49,54,41,48,27
1125,49,47,65,67,50,97,31,60,81,64,35,99,72,41
1126,15,88,93,3,90,95,61,67,50,9,93,24,25,90
1129,80,35,22,33,22,19,9,61,60,8,29,65,11,25
1132,14,46,20,9,61,91,80,47,62,21,100,59,51,65
1133,71,80,48,33,69,91,73,35,69,13,59,81,43,65
1134,18,61,74,85,64,85,42,42,24,31,41,56,34,19
1135,28,56,26,47,13,77,69,92,23,40,44,86,101,88
1136,57,91,0,13,70,20,21,32,86,2,21,38,72,14
1137,39,91,41,97,94,44,86,58,41,51,73,82,38,57
1138,66,80,49,84,30,56,96,0,12,94,45,40,69,99
1140,4,84,8,94,58,51,43,93,85,65,86,66,100,63
1142,31,47,33,69,16,25,52,44,2,91,17,45,73,42
1143,43,1,69,76,30,17,71,50,85,91,88,78,16,23
1144,55,33,64,101,16,78,45,18,66,59,0,98,8,93
1145,85,62,36,33,35,53,88,3,42,43,27,64,47,59
1146,87,3,67,3,49,41,24,2,42,101,37,90,23,78
1147,2,51,100,53,25,84,52,16,33,56,97,21,23,39
1149,72,32,36,32,19,99,5,27,57,75,58,57,3,0
1150,18,9,11,37,93,64,41,83,95,90,48,100,33,74
1151,28,2,66,25,64,96,56,97,39,97,56,13,23,22
1152,97,81,21,90,83,71,58,25,58,43,26,0,79,83
1153,18,72,54,32,0,70,33,95,55,16,50,81,18,29
1154,8,48,47,13,61,50,81,4,79,95,89,2,44,86
1155,80,13,67,35,6,92,42,10,90,26,53,20,87,83
1167,58,50,77,66,82,59,95,35,10,53,51,34,12,63
1168,12,93,0,7,23,34,10,23,16,70,3,75,48,74
1170,39,85,17,4,11,4,72,7,32,84,3,92,98,44
1171,5,73,17,16,60,85,101,75,89,44,80,57,37,85
1174,75,35,36,22,11,59,66,26,47,64,75,67,58,7
1176,39,27,94,39,21,51,47,22,5,76,97,21,16,43
1177,29,5,57,41,77,61,43,73,52,41,34,79,82,65
1178,95,23,9,33,78,51,96,78,34,17,57,54,67,37
1181,12,10,38,35,45,5,24,63,27,88,44,28,26,85
1182,94,19,7,74,41,0,62,29,56,83,86,85,15,51
1184,71,84,69,95,29,28,52,44,33,61,85,8,37,17
1186,86,96,58,41,93,87,31,40,81,72,54,88,86,38
1189,20,64,17,79,73,39,70,16,45,52,48,69,98,29
1190,21,14,60,52,99,72,45,43,84,22,53,91,48,68
1191,34,90,35,49,62,34,15,26,21,21,89,82,2,5
1193,58,26,62,66,28,72,83,55,24,50,86,33,83,23
1194,87,98,11,1,57,82,6,37,53,59,63,53,86,9
1196,64,70,2,96,74,63,6,18,74,13,89,15,65,34
1197,40,46,65,44,82,14,93,22,72,35,8,37,39,80
1198,78,68,15,3,5,7,45,44,51,7,51,7,94,10
1199,97,16,2,8,62,40,45,47,97,64,90,37,33,43
1200,76,10,88,80,99,82,6,47,48,26,59,33,75,6
1201,61,54,55,24,52,63,74,15,51,40,10,59,4,28
1202,95,35,19,37,60,69,35,63,0,34,46,91,56,10
1204,76,58,40,36,25,74,72,98,31,30,93,64,42,69
1206,39,40,63,33,48,33,46,75,26,0,82,4,8,1
1208,100,90,75,28,91,3,89,94,10,31,50,14,85,51
1210,31,53,86,13,63,3,27,12,21,100,54,23,1,9
1212,49,63,69,0,29,50,82,69,6,94,38,51,29,91
1214,93,75,20,25,61,62,94,14,56,59,31,0,14,76
1216,16,16,14,85,94,100,94,57,60,98,13,74,8,27
1217,71,32,44,90,84,17,57,50,43,7,48,29,71,77
1218,6,59,89,85,18,16,66,7,1,43,41,47,68,53
1219,14,1,74,79,78,100,70,37,28,9,64,44,17,66
1220,27,7,44,47,38,84,81,89,20,63,38,26,5,31
1221,88,29,52,90,64,25,18,53,91,25,70,94,32,95
1222,15,44,29,96,97,66,73,98,46,50,86,98,36,25
1224,45,35,57,71,97,13,94,42,40,13,50,46,25,44
1226,82,24,49,25,6,78,77,99,72,90,65,75,0,0
1227,6,81,10,64,78,47,76,9,78,82,39,43,85,83
1228,45,92,1,74,78,26,97,9,53,99,90,51,61,64
1230,47,70,8,98,9,73,4,48,72,11,41,25,8,15
1231,23,98,29,19,81,78,97,13,14,100,49,82,37,51
1232,63,47,16,23,84,87,73,56,98,97,74,86,86,54
1233,89,3,53,2,17,37,60,50,8,32,34,8,32,16
1235,5,89,40,96,23,64,86,67,73,84,90,97,36,10
1236,96,35,53,32,66,31,60,80,98,57,85,79,88,68
1237,78,16,87,83,99,57,56,53,16,25,99,37,25,22
1238,76,25,45,50,33,53,88,71,61,19,19,94,41,67
1239,34,28,71,97,80,13,63,28,26,61,44,94,51,13
1240,65,45,98,11,16,71,44,81,71,53,51,28,84,8
1241,30,1,69,12,13,51,85,20,30,34,94,71,92,5
1242,17,51,46,77,72,10,63,46,0,61,65,87,52,35
1243,13,98,9,58,43,58,65,46,78,89,87,38,93,41
1244,41,82,11,78,2,74,57,3,84,81,73,89,61,27
1245,20,79,76,58,9,41,19,54,83,91,19,52,10,101
1246,87,88,12,69,95,73,89,63,58,95,3,88,93,14
1247,76,66,48,27,42,87,59,94,75,72,78,41,62,98
1248,39,49,47,42,65,11,59,63,41,34,90,87,37,79
1250,56,96,93,56,54,96,73,33,71,39,96,45,32,62
1251,87,35,80,3,69,65,39,84,71,72,83,75,88,81
1252,13,94,75,47,28,29,10,19,96,77,90,78,40,71
1253,4,72,4,13,66,83,21,16,95,15,64,98,69,24
1254,20,57,81,27,79,82,56,100,5,1,21,14,46,28
1255,66,48,27,49,48,79,25,74,15,70,63,64,75,90
1256,20,21,1,11,35,72,71,28,57,40,28,40,99,6
1257,13,61,40,38,38,24,38,68,22,31,48,87,78,23
1258,46,5,52,71,77,45,80,89,39,57,81,78,13,39
1259,40,38,40,76,0,13,16,42,99,14,26,21,26,28
1260,101,5,43,40,18,38,12,3,38,25,34,11,84,99
1261,91,28,26,65,8,30,14,27,59,86,31,29,5,15
1262,97,54,16,53,72,58,65,43,24,98,71,28,44,22
1263,38,59,89,42,78,29,75,1,17,98,56,76,44,14
1264,86,54,22,51,17,62,72,48,71,7,84,71,21,93
1266,13,18,25,37,87,61,101,50,79,75,8,30,54,3
1268,86,95,58,70,86,47,29,68,39,7,26,31,31,82
1269,27,9,22,100,70,21,57,55,37,43,5,48,87,94
1270,78,76,39,18,47,88,3,87,94,1,95,11,71,91
1271,15,51,26,27,99,67,23,38,14,89,55,57,47,8
1272,97,94,72,23,30,75,6,80,17,69,19,47,39,67
1273,18,65,87,83,79,33,46,24,19,37,95,74,82,1
1274,68,96,95,27,31,76,92,78,48,59,73,86,53,14
1275,63,23,92,90,76,67,7,30,32,66,43,21,46,30
1277,55,88,49,24,71,98,53,31,91,33,18,3,9,88
1279,91,62,67,35,70,98,42,4,79,43,80,55,3,84
1281,39,7,78,58,13,10,79,36,59,45,33,40,53,56
1283,54,0,101,57,34,78,10,26,52,68,44,55,42,76
1302,97,79,82,7,21,47,98,46,8,73,38,6,21,27
1304,76,47,13,86,2,34,39,70,8,43,4,57,80,90
1306,76,37,71,62,31,91,13,98,15,22,4,68,17,85
1308,16,72,88,2,45,92,83,42,79,13,84,95,96,57
1309,98,55,87,57,23,41,78,76,25,14,18,6,70,8
1310,7,60,2,65,58,19,95,75,41,27,37,13,41,75
1311,3,55,54,31,25,8,76,23,66,25,16,19,10,37
1312,33,73,58,34,53,91,25,97,82,75,48,100,51,48
1313,60,63,90,12,98,96,77,38,66,5,27,79,59,0
1314,56,34,83,70,73,25,56,20,22,34,3,9,62,3
1315,89,56,90,28,38,97,50,62,91,70,41,66,4,44
1316,97,28,94,81,91,62,22,53,70,80,57,76,57,49
1317,7,40,26,46,18,87,23,15,27,45,27,10,65,37
1319,1,59,46,45,12,49,17,75,9,88,25,32,65,10
1321,6,38,92,59,67,29,87,49,55,7,57,97,11,67
1322,4,53,4,49,66,8,5,48,12,72,87,50,62,57
1323,85,5,12,72,73,34,49,91,40,13,60,80,18,51
1324,69,46,26,44,32,63,93,34,23,81,30,90,17,63
1326,97,4,100,85,89,69,90,31,73,63,48,73,80,50
1328,5,78,92,76,38,11,59,34,19,2,83,52,64,22
1329,53,40,81,21,17,3,80,14,6,36,20,18,22,55
1330,91,9,78,27,14,39,81,92,21,38,44,46,14,92
1334,51,80,16,59,32,96,85,34,0,46,43,96,95,75
1336,65,80,4,19,13,21,7,77,21,77,14,60,23,62
1340,52,16,40,80,94,64,53,7,38,97,72,65,16,26
1342,64,54,62,14,61,23,13,46,30,64,39,77,64,86
1343,65,27,20,8,32,54,56,46,18,31,99,8,12,4
1345,46,14,82,86,41,18,84,73,14,74,52,82,35,63
1347,32,27,27,6,12,1,80,0,49,36,9,6,28,9
1349,80,69,91,52,60,11,1,57,80,10,1,89,14,64
1352,63,51,36,101,68,19,7,0,4,50,43,42,87,45
1353,7,27,49,90,6,15,45,27,44,28,76,32,27,51
1355,36,39,46,40,97,51,47,9,38,51,1,47,81,45
1356,93,94,84,62,49,61,90,33,50,84,75,90,78,25
1357,16,0,32,40,44,82,10,39,18,53,12,41,39,82
1358,30,64,55,65,50,93,24,96,38,60,40,98,58,67
1360,74,32,27,30,19,75,80,12,70,94,73,75,51,82
1361,74,40,19,99,0,99,41,35,79,7,12,100,87,52
1363,33,32,45,58,42,18,63,22,57,82,12,82,66,47
1364,46,34,25,21,70,63,8,73,66,67,99,97,2,91
1365,35,27,81,26,51,55,44,85,80,19,49,88,93,47
1366,15,33,22,91,90,24,64,53,7,55,54,81,48,75
1367,92,80,17,56,73,62,52,25,81,61,101,29,52,101
1368,8,98,49,61,41,76,25,51,17,1,78,100,51,74
1370,27,11,7,23,44,62,36,23,64,18,63,21,48,86
1371,68,74,88,71,10,26,66,20,41,41,45,49,69,2
1372,77,86,60,57,0,33,89,0,44,100,26,7,95,68
1373,7,86,9,95,43,99,96,51,14,23,14,73,37,83
1374,45,20,2,62,64,8,16,100,1,35,10,56,5,58
1375,81,47,95,42,54,67,35,35,4,90,28,64,0,98
1376,19,39,61,25,16,63,65,91,93,49,10,98,77,2
1377,12,95,9,6,77,20,19,16,44,84,1,17,9,51
1378,75,100,15,75,77,85,28,69,73,90,85,55,47,34
1379,65,33,77,53,64,82,11,32,36,30,89,83,35,60
1380,45,32,58,97,31,20,2,20,10,58,1,14,3,34
1381,60,58,88,35,25,71,81,21,24,14,83,69,92,28
1382,81,93,50,97,81,48,65,41,75,67,69,98,27,22
1383,78,25,69,7,53,71,92,43,43,53,29,77,6,91
1384,40,62,39,5,86,77,93,2,44,56,18,11,14,58
1386,40,27,76,101,60,49,49,37,100,12,83,86,44,17
1388,49,77,23,52,60,26,49,7,58,65,3,2,59,83
1390,48,96,51,60,92,84,85,82,61,55,90,26,30,25
1391,1,68,68,85,19,43,9,49,97,17,82,75,41,55
1392,21,70,49,25,79,81,69,91,24,72,87,15,81,84
1393,64,13,3,8,49,73,76,37,83,45,81,30,90,0
1394,38,56,63,80,15,18,95,32,30,26,14,53,75,2
1395,63,27,39,82,69,54,81,1,81,86,97,17,6,19
1396,25,87,20,40,46,7,27,56,47,88,56,6,59,46
1397,68,32,26,21,56,40,91,73,17,64,15,38,17,71
1399,24,34,5,87,48,93,20,86,70,77,68,2,23,19
1400,100,28,1,38,62,95,101,24,11,14,16,64,81,14
1402,46,50,34,45,96,82,62,76,24,6,97,100,81,33
1407,42,13,3,27,5,91,25,83,25,59,29,70,97,88
1408,60,78,31,54,49,57,57,83,100,83,30,38,79,66
1414,46,7,21,92,10,75,82,6,80,64,77,39,77,82
1415,45,101,23,15,46,94,52,29,10,0,67,74,82,88
1416,99,73,13,59,55,15,38,95,5,21,75,78,61,48
1417,76,19,18,86,78,21,14,19,59,76,89,36,33,24
1418,97,10,90,40,28,17,7,93,76,88,74,74,0,26
1419,93,39,53,79,47,17,57,16,67,13,86,30,28,73
1440,86,98,32,75,96,91,27,4,97,2,64,26,101,18
1441,82,101,66,7,16,85,95,4,35,15,48,56,96,93
1443,89,65,78,38,0,91,24,77,99,97,92,92,86,59
1445,84,4,60,49,56,48,5,23,83,52,52,30,37,6
1460,3,4,40,5,26,73,15,6,23,73,99,95,27,11
1462,78,11,45,56,39,76,44,21,53,62,45,52,63,50
1463,6,80,62,40,71,43,98,8,100,72,73,54,87,56
1465,61,6,75,34,41,48,38,33,66,52,95,40,37,93
1471,2,33,6,93,81,75,32,37,40,91,78,79,0,63
1499,76,94,22,61,43,38,64,54,16,82,86,92,66,38
1534,8,21,80,97,71,57,99,78,55,101,48,73,31,47
1547,50,13,1,46,64,89,87,51,39,52,96,26,23,27
1548,68,70,91,19,27,74,90,23,96,4,88,84,28,26
1549,36,14,86,77,96,72,85,22,31,10,80,61,74,15
1550,40,0,80,48,17,69,95,9,89,74,66,36,86,17
1551,10,29,92,55,10,85,3,55,83,3,76,95,5,101
1552,1,99,41,48,32,8,19,41,22,74,59,63,71,22
1553,24,29,100,13,87,95,46,89,64,20,36,10,75,1
1581,23,20,82,40,39,27,8,55,93,37,43,15,59,7
1582,30,16,66,62,76,48,88,40,47,58,80,81,43,44
1583,41,99,13,6,36,36,39,37,21,51,88,1,67,37
1584,23,62,49,24,32,1,25,15,27,54,99,62,36,87
1638,51,3,54,34,43,78,16,38,91,17,18,14,19,27
1639,65,41,9,74,94,92,29,99,72,24,66,27,62,78
1643,79,29,51,67,42,62,65,12,71,21,75,95,25,9
1644,47,97,94,89,38,85,16,89,76,96,62,81,27,17
1645,98,7,90,23,85,21,34,6,16,22,27,80,59,75
1669,83,84,66,9,35,54,36,40,78,67,19,16,31,0
1670,74,80,62,99,40,77,91,12,83,7,13,8,48,49
1689,100,44,89,92,72,77,78,99,68,67,35,45,35,76
1693,19,31,9,30,79,42,9,23,14,92,57,15,10,64
1735,67,33,53,82,95,93,99,3,1,43,56,60,75,97
1791,94,40,24,16,89,71,44,7,18,4,92,79,88,21
1793,40,5,85,75,30,83,36,9,66,4,24,66,88,92
1797,54,65,72,18,90,61,11,1,79,3,5,67,39,1
1837,97,101,78,2,6,60,8,64,21,70,22,97,15,49
1838,18,87,97,52,36,86,42,40,94,24,93,92,75,81
1839,5,9,67,10,81,91,77,19,38,80,36,84,40,77
1840,100,4,55,92,53,15,10,13,71,5,97,42,24,13
1841,51,49,25,28,62,22,72,2,48,32,84,63,6,59
1842,57,69,44,45,45,58,33,13,45,41,23,28,74,9
1843,45,7,54,58,85,69,93,72,29,16,93,46,19,19
1844,20,39,21,91,23,74,81,41,47,24,28,93,88,46
1845,81,39,45,93,3,63,54,74,70,83,83,27,58,1
1846,84,11,72,3,64,59,25,95,86,21,75,34,69,58
1847,21,9,24,2,79,7,27,47,21,23,22,56,71,51
1848,18,35,7,13,55,34,60,70,14,71,18,52,65,10
1849,48,6,22,82,56,89,83,5,50,74,12,91,77,23
1850,54,79,6,53,29,38,22,69,81,97,45,7,14,50
1851,43,45,76,57,18,9,22,7,18,95,17,28,3,4
1852,87,13,73,67,17,59,36,11,69,6,36,68,40,39
1853,49,43,28,28,43,18,95,74,99,61,36,79,90,67
1854,5,63,93,59,17,22,82,34,18,21,93,76,57,63
1855,81,39,20,78,68,9,48,97,23,47,73,18,67,2
1856,35,4,8,77,57,81,89,54,98,11,36,28,9,0
1857,21,69,80,58,81,47,97,82,3,69,38,14,43,75
1858,64,59,36,73,68,77,101,21,41,49,4,57,37,101
1859,0,21,79,100,8,24,64,72,48,32,100,19,39,91
1860,40,78,59,12,61,39,73,31,100,69,37,47,59,34
1870,24,39,100,20,17,40,4,92,74,69,71,101,82,93
1902,34,21,13,84,60,45,43,2,75,29,33,12,94,82
1903,96,27,50,70,4,18,6,36,79,15,15,49,35,84
1923,74,8,69,44,44,82,85,91,19,79,67,57,7,86
2014,37,30,13,96,55,90,20,31,52,87,25,69,93,62
2052,68,84,26,9,81,25,28,79,4,48,87,50,62,48
2061,101,50,82,25,88,70,83,4,3,91,51,100,100,88
2081,84,74,51,14,10,31,27,37,47,22,59,5,11,34
2082,83,62,63,9,20,71,3,59,5,64,58,63,61,36
2083,11,8,75,54,83,45,19,75,29,79,92,87,23,2
2085,98,33,32,66,74,37,100,69,0,18,88,93,46,93
2086,24,70,63,57,56,39,66,71,80,50,39,82,15,68
2087,72,15,67,30,51,63,95,27,99,53,45,24,10,16
2088,19,42,32,11,98,88,65,38,4,70,33,81,44,25
2089,60,60,92,47,10,30,60,101,67,55,56,50,34,6
2090,22,24,46,17,76,89,49,34,7,45,70,99,70,40
2091,11,18,66,73,0,31,87,28,31,28,37,96,92,83
2092,70,44,6,31,49,1,56,80,34,91,25,68,8,2
2113,95,32,22,20,13,43,99,24,66,68,70,84,32,86
2114,79,14,43,44,69,37,74,101,95,50,21,9,28,27
2115,5,59,27,38,71,31,0,95,86,96,28,16,33,4
2116,32,73,9,58,43,95,92,18,3,74,99,33,97,34
2117,0,31,65,5,86,72,61,50,43,22,14,73,50,53
2118,45,72,44,72,60,46,1,37,16,55,53,75,20,7
2119,22,44,53,79,85,73,31,51,87,17,30,96,52,32
2120,42,62,36,74,81,36,91,31,73,40,96,88,66,66
2121,12,22,42,52,10,80,56,37,96,44,28,82,70,13
2122,27,46,93,69,42,67,98,57,57,101,66,20,6,79
2123,79,95,100,83,43,80,27,49,51,1,71,50,64,15
2124,24,63,11,99,82,87,91,18,0,30,76,31,52,41
2125,26,59,22,59,32,9,71,53,58,95,38,8,30,36
2155,86,55,85,35,95,87,19,85,39,61,11,62,4,100
2156,16,59,65,10,77,58,17,10,44,17,13,68,30,92
2157,60,74,23,12,82,78,49,48,63,86,24,65,100,24
2158,14,71,57,42,88,97,100,23,13,63,80,73,95,19
2159,85,72,97,61,0,26,80,59,19,61,13,96,2,8
2160,81,46,59,19,89,37,80,75,13,50,24,2,101,54
2161,56,49,78,85,90,68,89,57,65,35,68,39,80,72
2162,90,58,21,36,83,49,61,21,98,48,31,39,8,101
2163,39,32,90,91,37,69,18,80,40,13,89,94,13,25
2164,37,39,89,12,93,86,53,99,14,18,85,51,81,38
2165,74,72,26,18,92,62,74,92,46,27,45,35,74,18
2166,50,43,30,50,1,10,79,20,56,81,43,18,63,14
2167,60,75,101,30,30,62,88,84,54,73,68,42,12,77
2169,98,54,72,3,74,53,59,56,89,82,3,49,80,64
2175,49,100,44,36,26,41,73,31,4,82,76,83,41,101
2178,83,82,12,31,5,69,41,19,22,96,48,52,96,66
2179,33,2,38,68,74,82,7,30,28,69,99,90,9,66
2180,60,40,96,49,101,10,101,72,8,37,7,3,62,72
2181,29,18,49,38,6,20,90,37,61,56,60,41,93,67
2182,19,1,35,94,57,46,42,42,68,101,18,25,43,4
2183,80,44,93,65,14,25,4,18,12,53,99,31,71,82
2184,92,77,37,40,40,81,39,71,76,29,51,0,2,44
2206,18,44,35,38,32,96,99,34,2,49,22,56,10,17
2211,72,55,30,43,43,3,95,82,43,85,99,4,54,31
2212,95,67,30,75,61,19,98,25,8,56,42,64,79,7
2213,86,54,16,45,78,2,32,64,34,25,46,85,49,28
2214,75,52,30,54,87,72,38,62,58,11,33,72,97,67
2215,86,42,28,52,85,91,6,48,22,43,22,5,13,36
2218,63,91,16,20,80,53,43,29,93,4,85,4,15,32
2219,41,100,6,26,84,25,51,10,94,65,97,58,100,73
2220,85,42,61,77,18,45,33,85,32,17,51,26,33,77
2221,72,14,71,52,89,97,51,86,66,5,17,41,78,67
2222,100,37,1,27,85,6,29,72,58,20,60,100,14,75
2223,85,63,5,35,100,60,36,83,23,92,0,18,60,48
2226,101,92,58,93,22,78,32,46,14,20,10,93,50,75
2227,56,41,91,6,0,78,64,42,26,23,54,9,81,47
2228,40,30,14,49,50,12,17,99,61,78,95,22,48,31
2229,38,45,90,19,36,101,52,85,29,50,47,5,29,82
2230,68,82,40,66,68,85,79,0,69,20,70,22,19,92
2231,76,28,67,85,85,67,76,97,19,74,40,85,31,84
2232,40,85,51,64,45,51,96,14,41,81,8,57,69,64
2233,92,33,31,101,94,77,83,33,35,35,10,37,74,85
2234,18,13,52,82,34,91,97,82,95,81,68,38,101,4
2235,97,46,78,72,95,95,84,34,55,19,1,95,61,32
2236,96,65,5,29,42,1,38,66,87,40,64,51,45,90
2237,10,0,55,12,44,92,79,100,54,24,76,84,101,63
2238,73,27,37,41,77,100,66,57,49,28,89,47,21,82
2239,65,90,57,40,4,11,0,18,37,70,75,45,18,40
2240,11,53,90,96,87,56,61,27,66,88,25,44,21,79
2241,73,17,28,38,42,73,14,46,52,33,30,46,39,25
2242,26,11,48,52,8,14,36,66,66,48,90,52,47,55
2243,53,49,39,15,71,10,10,47,36,98,91,47,23,10
2244,86,74,98,18,73,83,48,80,14,78,34,101,16,88
2245,9,9,94,84,84,3,38,56,50,11,86,38,0,56
2246,66,52,87,4,31,79,64,21,56,13,17,91,70,80
2247,66,86,32,96,37,3,97,26,29,50,4,68,4,42
2248,92,37,75,71,98,59,43,66,70,72,86,62,81,51
2249,7,95,54,20,14,39,13,53,100,41,6,75,31,61
2250,72,48,86,36,73,88,5,72,38,31,47,28,25,25
2251,64,36,92,27,12,1,98,4,32,44,13,66,23,49
2252,83,68,98,82,89,14,69,11,12,6,65,75,7,65
2253,87,98,97,20,32,20,17,84,97,13,56,101,2,101
2254,8,51,4,12,52,55,98,10,45,0,50,43,27,36
2255,10,43,90,42,91,92,93,52,50,11,32,79,42,73
2256,18,81,57,60,65,67,11,6,2,92,26,0,62,49
2258,12,1,52,64,54,82,36,81,93,16,82,39,43,47
2259,36,4,53,36,26,14,47,80,45,56,8,38,75,99
2260,69,35,78,28,97,24,79,79,28,57,78,33,40,1
2261,64,71,97,23,30,4,96,97,83,48,37,72,0,79
2262,9,49,94,96,13,76,74,80,28,52,9,58,91,16
2263,35,13,0,74,92,78,55,96,31,5,21,43,98,14
2264,4,77,38,17,42,94,85,30,32,89,86,56,44,47
2265,94,11,31,61,98,14,52,23,84,65,67,85,83,7
2266,85,12,101,78,1,8,20,51,96,53,18,28,75,87
2272,23,70,80,60,91,88,10,27,90,6,86,47,64,77
2277,25,31,76,7,15,46,97,72,31,86,101,13,26,5
2278,21,66,60,99,5,26,1,42,77,34,2,49,53,79
2279,15,23,71,81,60,66,93,10,72,85,20,43,55,30
2281,80,28,38,80,21,58,65,15,49,3,74,34,75,23
2293,13,5,20,31,55,14,96,6,98,93,63,100,93,68
2300,55,75,72,27,82,25,92,31,70,94,25,92,68,42
2301,58,61,66,84,73,42,9,21,66,32,82,71,83,36
2311,98,23,98,97,1,78,92,3,11,84,40,101,75,46
2313,10,12,35,0,71,57,72,15,1,14,68,46,55,11
2314,18,46,54,17,12,67,60,32,81,58,32,10,78,17
2325,30,46,38,36,45,41,30,72,89,100,76,0,95,44
2326,75,40,36,83,70,52,61,100,79,12,67,101,34,72
2327,61,1,84,62,69,21,26,30,40,83,43,89,72,77
2403,95,52,24,17,8,7,51,70,88,10,4,89,8,47
2404,5,16,94,12,80,10,18,39,75,21,98,57,90,62
2422,101,29,18,26,58,45,96,80,95,48,5,35,25,70
2425,57,84,59,53,78,100,16,46,58,30,43,56,35,79
2426,82,70,89,62,67,10,36,61,46,17,13,99,23,82
2427,79,59,12,96,60,96,50,76,46,30,10,74,54,90
2428,28,21,57,88,73,48,97,24,69,2,50,17,40,40
2429,44,80,74,24,47,72,51,99,49,38,16,94,77,16
2430,81,25,79,58,54,78,49,71,100,5,97,65,47,64
2431,53,91,73,75,43,27,3,53,53,71,92,73,69,40
2432,31,29,8,52,27,87,36,96,11,60,32,1,58,11
2433,43,90,99,78,16,61,64,88,47,21,47,93,45,24
2434,95,90,49,51,58,50,79,31,90,95,53,5,100,17
2435,7,70,77,77,84,75,28,34,42,96,43,67,30,4
2436,29,68,44,77,32,70,101,53,8,74,65,96,5,84
2437,19,43,66,97,76,83,48,84,42,82,83,78,68,4
2438,92,25,13,69,95,27,26,62,58,27,3,9,60,64
2439,6,74,16,78,5,13,91,73,12,34,64,89,95,34
2440,20,46,93,48,17,96,51,93,3,41,42,44,31,57
2441,83,41,43,69,52,74,67,8,28,49,6,38,39,32
2442,58,83,57,54,19,5,82,0,71,10,20,68,101,70
2443,46,98,17,20,71,64,46,67,53,30,69,70,55,55
2444,15,35,94,67,101,1,39,27,86,74,23,58,18,71
2445,55,33,60,54,73,16,5,49,18,78,44,1,71,74
2446,82,46,60,45,44,75,2,62,59,83,67,38,48,25
2447,92,9,88,91,31,78,73,8,76,79,32,75,39,37
2448,47,83,22,50,7,74,42,30,84,42,47,25,58,5
2449,21,92,38,50,36,43,3,38,29,52,76,85,71,0
2450,18,94,31,92,12,99,56,90,39,21,70,89,5,32
2453,53,5,92,43,73,40,25,67,77,57,49,40,47,47
2454,24,25,62,58,96,17,40,80,41,21,45,0,56,95
2475,89,32,87,76,84,25,82,38,40,50,3,62,58,3
2519,50,53,55,42,66,87,57,35,51,88,17,99,42,55
2520,82,87,78,70,42,89,58,4,66,74,64,47,53,85
2521,48,21,31,47,58,95,54,57,25,40,100,65,19,85
2522,7,60,30,12,97,72,61,83,59,78,68,83,74,5
2523,7,85,94,12,71,1,65,31,77,95,53,55,78,68
2524,36,12,77,15,24,98,78,29,38,56,55,27,62,15
2526,89,61,77,95,84,59,23,75,15,42,81,74,48,48
2527,83,59,69,35,30,55,87,8,25,16,96,97,67,45
2528,18,35,65,44,72,29,61,50,28,100,6,68,0,77
2529,23,79,97,13,18,13,31,81,25,87,57,38,87,36
2536,15,90,85,36,51,53,72,62,100,42,58,89,73,40
2537,18,62,81,50,55,3,85,58,34,18,50,68,45,43
2538,30,6,21,7,90,6,27,21,23,99,38,15,84,51
2540,17,7,13,71,60,57,84,8,14,85,89,66,51,7
2542,39,62,100,65,94,91,58,97,63,65,3,34,38,20
2543,1,33,22,54,8,4,88,77,9,0,25,59,77,35
2546,58,89,76,20,29,7,46,19,25,63,86,71,23,59
2549,48,38,42,28,71,95,26,91,39,100,29,58,66,57
2550,54,66,22,43,94,55,67,92,40,2,21,7,42,31
2551,43,67,7,60,22,0,26,10,51,43,58,9,43,68
2552,17,35,99,99,79,8,67,75,81,21,51,44,56,42
2553,20,3,69,24,90,82,83,88,88,87,73,40,96,58
2554,62,21,17,65,4,43,81,59,32,8,30,27,63,12
2555,61,7,70,88,99,41,79,75,11,93,23,47,47,3
2556,24,58,2,10,17,98,54,81,48,2,44,85,88,39
2557,19,77,94,100,54,99,23,2,48,81,5,74,84,28
2558,15,81,97,87,55,72,52,27,44,34,59,3,74,43
2559,33,73,72,40,77,59,85,3,6,23,27,5,2,30
2560,67,68,70,78,31,58,38,81,33,39,62,16,81,82
2561,23,36,50,98,28,94,61,66,1,88,59,86,20,53
2562,22,86,58,87,10,51,1,84,51,10,54,84,60,97
2563,58,20,28,62,101,95,71,100,52,33,31,99,86,1
2564,99,34,47,80,50,17,13,14,77,84,86,50,37,57
2565,92,26,53,82,87,91,78,7,7,24,27,62,34,18
2570,98,97,62,87,81,61,52,51,29,39,38,52,18,89
2571,1,43,87,8,25,72,9,92,27,84,60,64,50,39
2572,15,85,88,89,18,72,100,47,21,62,63,98,45,85
2573,67,45,53,82,43,26,98,87,80,45,53,38,3,36
2574,33,12,0,87,53,41,71,33,19,33,17,17,75,6
2575,6,44,57,76,11,36,77,83,25,50,32,80,26,55
2576,15,73,59,23,63,8,16,37,89,12,86,77,28,48
2577,54,40,45,68,38,22,64,42,53,49,72,8,9,32
2579,96,73,76,61,25,38,62,24,0,90,83,73,89,59
2580,48,93,57,97,5,18,41,52,84,8,56,15,47,95
2586,18,38,25,5,7,23,54,32,80,51,19,33,99,20
2587,4,94,49,27,86,25,81,79,39,24,14,10,98,54
2588,14,3,63,99,70,60,96,93,45,9,101,72,67,83
2589,65,36,3,51,98,59,69,83,14,71,27,16,47,50
2590,53,96,48,86,6,88,57,8,84,45,14,85,52,70
2591,30,89,71,97,93,41,61,23,9,9,1,92,92,64
2605,96,34,79,61,78,35,53,83,26,66,44,65,13,73
2611,12,42,98,49,45,99,25,66,74,85,90,89,41,84
2613,17,55,86,8,11,28,94,7,10,101,51,101,73,64
2630,32,46,87,69,69,39,94,27,68,8,75,13,5,41
2635,69,66,80,43,25,47,34,50,82,60,17,64,35,51
2636,16,77,6,18,49,70,49,33,1,58,34,93,16,87
2637,67,92,4,47,82,36,43,9,42,64,68,47,73,64
2638,73,64,64,31,51,48,39,39,82,15,4,29,14,15
2639,50,30,39,65,63,23,26,6,73,46,46,24,40,61
2640,14,58,39,20,24,16,41,74,100,87,41,11,64,96
2641,50,5,93,10,12,34,101,14,86,46,31,7,37,97
2642,81,11,61,64,19,80,17,25,69,92,50,50,20,83
2643,25,82,48,37,45,43,22,35,56,8,17,8,54,55
2644,29,91,6,71,10,7,84,64,38,3,56,99,71,55
2645,58,37,46,44,97,1,6,36,6,82,46,49,0,41
2646,48,76,37,52,26,85,31,68,72,23,14,51,46,87
2647,45,6,78,9,100,32,62,35,80,1,98,17,2,19
2648,58,44,95,8,80,59,50,15,16,65,73,65,77,77
2649,61,20,29,94,64,67,31,10,36,52,48,97,39,61
2652,30,75,19,5,88,79,44,77,68,48,74,10,4,46
2653,41,63,80,15,23,41,81,93,34,13,14,94,3,83
2659,53,42,41,42,94,39,80,16,37,52,67,98,12,31
2673,18,60,60,98,2,97,11,24,78,86,26,73,90,20
2674,95,96,46,20,11,87,40,28,62,101,48,59,79,18
2702,77,41,61,44,17,77,47,47,38,93,83,40,64,29
2703,35,9,23,77,21,18,55,28,94,31,35,68,44,94
2704,11,18,50,99,49,87,17,37,51,42,79,52,29,15
2705,0,58,25,58,86,22,37,68,23,75,46,98,13,87
2707,94,55,95,53,98,47,47,85,29,5,51,15,36,9
2709,66,5,100,20,60,32,93,101,25,56,0,87,27,80
2813,43,100,70,48,25,48,13,88,37,95,33,12,73,67
2814,46,23,62,90,7,47,82,24,64,10,53,96,98,30
2815,66,50,51,14,54,33,66,72,40,95,78,5,97,28
2816,25,97,5,56,52,17,33,45,75,15,50,85,43,16
2818,14,97,65,85,95,96,27,92,85,57,69,37,33,46
2826,55,73,94,75,32,23,83,79,35,85,92,1,83,94
2841,23,38,65,98,73,30,42,71,57,11,67,5,93,85
2842,38,73,18,52,72,37,77,21,95,51,0,48,47,54
2846,20,46,43,76,35,80,23,74,95,23,74,87,33,59
2849,100,42,24,31,63,14,60,35,86,8,50,41,93,54
2855,40,26,70,29,50,5,10,23,79,49,65,67,97,43
2856,16,2,22,0,30,96,65,40,49,79,58,92,10,92
2857,49,83,85,18,47,31,94,3,84,16,56,56,82,35
2858,65,52,67,35,73,40,40,9,43,9,100,28,42,11
2859,61,6,40,83,20,65,10,5,35,16,25,29,88,64
2861,3,32,49,16,10,39,83,5,49,75,5,62,73,25
2864,37,0,45,70,70,46,48,31,56,5,78,76,10,75
2865,78,33,37,86,39,84,61,2,50,98,38,94,70,57
2866,39,78,75,7,40,25,85,23,1,61,17,65,27,40
2867,70,18,99,7,82,11,79,22,30,20,58,1,68,86
2868,5,26,0,90,36,71,22,94,6,85,78,74,47,86
2877,12,51,75,31,0,96,14,99,100,1,52,101,1,64
2878,12,91,88,44,7,87,28,11,99,2,64,46,77,11
2879,66,85,60,45,37,36,39,17,61,48,87,42,8,68
2880,57,79,31,84,94,17,93,8,27,16,8,50,68,66
2881,65,25,93,6,76,18,98,3,85,5,1,23,92,75
2882,50,8,78,29,68,38,97,47,24,100,77,78,84,82
2884,13,96,75,90,53,21,31,23,16,72,29,12,52,39
2885,29,56,37,46,76,78,87,10,5,11,66,4,40,62
2887,17,100,93,26,101,100,28,33,63,80,77,2,39,87
2888,15,93,31,76,70,5,64,37,24,97,31,41,76,44
2889,59,28,59,101,78,75,85,7,6,25,46,73,75,15
2890,6,70,42,89,60,1,34,80,97,91,15,21,69,99
2891,95,40,12,33,41,29,26,90,31,63,23,85,101,62
2892,86,28,54,27,88,26,90,48,77,18,58,8,52,68
2893,78,68,17,89,72,33,37,46,68,20,4,19,99,0
2894,78,80,25,72,48,42,16,41,98,91,74,85,20,49
2895,13,28,68,16,83,89,1,98,29,61,37,43,20,6
2896,79,13,87,61,82,90,10,21,73,56,7,2,81,50
2897,88,41,87,33,69,37,52,36,54,23,54,65,83,60
2898,36,88,78,80,52,73,9,22,45,61,91,39,26,25
2899,72,33,25,71,22,91,95,48,52,18,0,76,60,41
2900,91,86,54,48,101,22,33,30,75,17,64,43,80,38
2901,34,71,62,94,64,93,94,45,78,52,27,90,12,47
2902,97,82,100,36,41,45,87,12,1,88,49,63,27,73
2903,37,10,26,10,14,68,13,39,16,37,9,57,74,2
2904,34,77,61,26,35,100,42,1,86,40,97,66,53,66
2905,72,53,5,37,35,64,42,54,76,57,25,81,69,83
2906,11,10,77,1,7,33,76,33,71,3,44,38,16,90
2907,71,40,99,49,13,41,95,62,4,28,67,58,27,39
2909,58,81,99,50,101,42,93,69,24,57,12,24,93,47
2910,91,66,98,89,81,73,82,25,83,29,73,100,77,32
2911,70,36,100,26,21,56,92,93,94,89,8,94,17,92
2912,66,61,6,87,67,79,21,66,72,36,89,20,0,58
2922,98,75,72,67,29,37,1,1,0,46,73,46,34,67
2926,81,32,55,94,99,50,76,91,5,14,37,56,50,74
2933,64,75,48,46,94,59,25,56,7,11,47,72,79,17
2934,42,51,45,59,97,21,100,53,48,74,29,28,31,72
2935,34,92,70,35,10,73,18,62,92,57,48,40,3,61
2942,54,53,6,20,100,98,28,15,3,78,39,43,92,33
2943,18,58,72,90,67,62,64,15,90,60,75,100,88,38
2945,41,83,55,1,80,37,91,81,76,8,25,22,29,4
2952,78,49,26,81,27,79,58,45,52,22,95,42,101,3
2954,29,10,6,46,58,15,0,91,97,78,12,41,76,7
2955,51,24,44,47,7,97,9,46,17,38,73,26,80,14
2967,59,35,95,42,62,42,4,8,66,51,100,20,39,63
2968,46,35,58,17,1,87,74,86,79,70,28,64,82,97
2969,94,85,56,70,51,78,31,30,39,51,93,72,28,88
2970,22,16,52,12,24,26,79,4,62,71,70,101,94,57
2987,0,52,72,14,11,50,5,36,77,66,31,65,42,37
3002,79,55,53,38,67,84,17,54,31,33,96,64,43,14
3008,31,62,28,62,48,3,67,77,16,57,10,66,82,81
3009,96,68,13,43,58,66,95,85,90,92,60,17,41,54
3021,44,45,63,44,88,19,95,83,1,49,87,15,58,82
3024,43,68,65,95,97,1,64,76,63,68,11,10,19,4
3025,30,15,64,54,73,71,79,39,52,3,43,78,47,91
3047,28,83,2,34,93,60,43,39,4,35,3,72,97,20
3049,13,62,76,42,9,20,84,51,73,89,60,86,78,40
3053,8,92,6,75,65,68,29,19,85,34,73,37,92,38
3054,52,41,101,94,43,46,49,87,19,74,99,34,45,55
3062,54,21,70,5,68,65,41,20,57,51,27,22,18,78
3063,68,57,67,48,82,78,90,42,8,42,82,62,0,100
3064,33,61,81,5,30,17,16,32,74,64,14,8,90,80
3066,71,40,35,70,52,28,101,59,13,66,47,97,73,97
3067,99,71,87,62,83,61,9,36,47,32,11,71,52,15
3068,85,70,27,82,54,23,79,0,11,48,41,75,87,83
3069,90,6,27,39,26,39,78,46,27,26,38,70,100,95
3072,1,13,82,51,31,77,38,42,3,3,33,85,93,66
3073,13,59,17,57,89,75,76,76,71,51,75,25,52,41
3075,62,26,77,58,86,96,49,43,26,38,34,19,67,101
3076,96,43,62,11,53,83,20,59,37,45,56,46,53,21
3077,94,38,34,41,91,28,77,42,27,83,47,57,83,42
3078,3,75,48,1,84,3,36,91,20,63,99,16,5,58
3084,86,89,32,55,47,45,20,41,68,29,98,92,52,24
3086,54,95,45,81,50,68,27,14,46,75,74,67,100,63
3087,64,6,76,52,76,69,26,0,18,47,73,46,90,12
3095,2,90,57,37,81,89,35,62,61,6,85,77,53,57
3104,10,92,77,17,9,10,25,29,44,24,101,68,77,33
3105,78,73,44,63,28,21,98,15,23,85,13,18,6,39
3106,0,68,11,9,89,58,12,64,3,72,26,17,87,54
3107,47,3,84,96,49,66,77,50,93,64,22,65,94,53
3112,11,98,36,93,44,66,34,35,101,28,16,47,31,79
3115,30,35,33,70,79,62,50,3,84,17,24,25,77,62
3116,59,81,23,57,67,34,55,23,33,73,71,35,62,88
3117,5,6,21,97,36,76,19,100,6,38,49,79,100,4
3118,97,77,90,99,51,80,55,36,10,30,84,26,5,9
3120,82,85,23,47,61,67,46,101,80,33,80,55,26,42
3121,57,99,46,24,46,32,89,30,16,17,1,38,95,92
3122,50,58,30,28,68,16,56,84,27,4,64,58,12,40
3124,40,40,92,57,42,72,44,10,37,20,59,97,27,70
3126,29,79,101,88,78,90,31,50,29,83,4,17,25,100
3127,91,86,59,50,9,63,94,93,86,6,14,66,98,37
3129,4,64,26,27,80,79,11,101,92,4,56,57,25,70
3131,33,3,54,73,37,97,48,94,84,32,71,47,49,36
3132,47,81,16,51,72,100,63,35,98,27,98,34,18,34
3143,99,56,24,80,85,34,45,65,20,62,65,21,51,14
3149,54,71,54,48,100,25,62,97,32,96,68,2,12,82
3164,63,78,60,95,7,23,63,89,101,18,96,64,83,91
3176,43,18,82,42,44,51,90,4,49,7,22,42,5,2
3177,29,53,38,83,64,76,18,27,26,11,7,86,90,4
3178,24,55,2,17,42,10,72,6,17,84,33,74,11,77
3179,12,66,29,52,72,36,53,85,87,83,91,70,10,25
3180,31,11,23,70,54,42,42,9,34,13,28,16,33,88
3181,31,1,11,50,30,100,28,33,61,35,47,72,59,46
3182,61,21,65,91,94,63,28,54,50,51,100,50,9,43
3183,84,30,90,92,21,58,15,78,18,33,98,27,57,88
3184,87,71,96,18,16,36,77,18,92,51,100,32,57,18
3224,37,6,33,95,24,97,11,39,94,81,57,49,87,59
3226,67,52,36,22,80,78,69,92,90,67,99,9,82,3
3235,5,90,26,67,44,59,17,67,33,13,48,93,19,0
3237,76,24,43,37,86,12,44,48,62,96,61,41,7,98
3238,88,1,93,1,41,44,93,59,83,69,35,24,60,3
3239,46,11,6,18,28,49,30,54,79,59,49,66,95,25
3240,47,72,18,18,5,68,0,86,61,95,32,64,37,64
3241,64,76,26,51,16,50,80,5,53,88,14,29,73,1
3242,0,99,63,92,71,10,39,0,97,37,35,58,39,48
3243,97,74,79,89,19,55,32,101,77,9,94,75,56,58
3244,15,71,83,101,69,88,16,79,37,35,73,69,91,75
3245,71,80,5,52,93,32,69,79,45,69,42,43,90,28
3246,38,55,47,55,88,75,5,97,89,81,8,47,14,43
3247,30,21,66,7,95,95,61,6,11,36,63,33,59,92
3248,100,3,77,98,43,57,76,32,24,7,82,19,73,40
3249,100,16,33,2,16,57,17,79,12,1,46,91,45,49
3250,49,15,64,8,34,60,6,10,87,84,48,66,6,87
3251,47,89,93,12,26,46,57,50,4,95,15,96,46,72
3252,97,79,71,6,39,65,7,32,57,43,34,29,69,38
3253,36,2,19,80,79,16,74,34,24,58,53,27,66,84
3254,75,82,37,72,41,86,29,63,54,66,91,57,8,25
3255,37,0,1,96,54,45,76,46,42,74,50,39,21,24
3256,89,91,37,6,77,10,8,1,89,2,74,99,4,73
3258,54,38,85,18,57,25,76,58,57,92,12,36,90,23
3259,93,60,53,97,31,58,24,35,12,89,5,69,66,63
3260,10,64,92,20,20,31,7,91,18,91,26,75,101,68
3261,50,16,89,8,1,33,12,80,23,1,36,58,78,96
3262,100,71,23,23,31,48,18,76,48,23,26,72,35,44
3285,42,12,36,2,46,78,100,52,32,50,0,23,27,61
3286,90,81,36,3,1,82,10,26,55,88,81,62,53,30
3292,69,74,44,10,51,75,90,75,8,4,6,30,93,36
3320,14,72,90,35,87,31,32,68,21,20,54,91,89,49
3331,8,56,95,28,4,101,58,23,37,75,38,74,63,49
3332,56,50,43,67,26,18,37,28,51,91,5,35,39,30
3335,70,40,51,59,59,38,90,87,81,4,24,42,21,89
3337,32,57,79,79,85,99,91,12,62,13,87,7,36,65
3338,17,13,74,25,47,25,0,6,57,91,42,13,59,89
3339,61,83,52,36,41,15,0,29,94,22,84,83,3,55
3341,31,41,32,101,93,64,84,4,3,34,54,0,2,41
3342,71,74,55,27,30,46,93,100,13,21,100,31,80,1
3343,65,10,46,67,84,97,30,61,69,38,98,3,37,36
3345,98,91,37,3,81,23,71,52,44,18,80,93,84,42
3346,24,38,78,11,73,25,27,43,40,21,20,61,43,44
3347,37,61,78,33,83,18,10,65,59,28,89,73,83,96
3348,83,36,43,44,12,55,10,33,16,52,28,13,78,74
3350,77,47,34,57,77,22,56,38,61,50,20,14,54,38
3352,44,5,42,92,6,51,12,42,41,53,1,30,100,100
3353,79,77,83,25,67,48,59,92,92,50,45,71,88,100
3354,87,16,97,1,45,24,35,27,80,68,86,19,9,10
3356,35,42,64,61,7,91,11,27,80,10,14,97,18,21
3361,14,82,73,35,77,43,31,73,54,34,73,68,55,55
3362,87,0,61,31,81,76,27,57,28,58,57,39,14,17
3367,28,47,55,47,91,31,31,34,16,76,38,94,73,26
3370,62,40,80,83,79,57,74,41,44,2,17,77,10,83
3375,91,92,9,86,97,6,97,75,36,16,85,60,15,58
3379,63,57,41,46,75,73,61,86,100,79,23,38,18,36
3381,35,101,73,59,64,45,16,51,62,88,47,101,51,77
3382,11,66,25,57,24,12,33,75,56,42,98,7,96,88
3384,24,73,24,76,42,37,56,89,73,29,32,29,86,73
3387,94,1,44,79,98,37,49,72,1,43,81,86,83,3
3388,24,29,82,30,56,50,6,83,21,84,24,44,48,97
3389,80,96,63,75,31,59,81,70,49,83,86,15,15,84
3394,45,27,36,17,73,41,99,19,74,26,34,13,85,12
3395,39,82,40,23,17,63,1,64,75,61,10,78,85,71
3396,30,86,98,5,71,8,19,70,52,19,29,62,44,30
3397,44,96,10,59,56,95,58,96,22,99,68,74,75,60
3398,45,74,33,34,14,51,83,40,39,89,51,85,42,80
3399,31,59,40,55,15,13,18,86,91,74,67,40,8,32
3400,21,76,90,76,47,1,16,70,34,67,56,67,11,26
3401,59,2,13,48,56,14,90,28,26,75,50,13,80,80
3402,4,0,99,2,15,15,59,32,50,23,99,63,12,45
3403,80,22,82,16,59,53,44,36,34,15,4,74,12,57
3419,31,37,12,65,94,59,55,17,96,91,94,2,92,81
3420,49,36,101,38,28,57,11,69,89,53,16,100,22,35
3421,91,56,0,80,34,40,87,89,45,24,54,55,56,80
3422,28,54,88,53,56,86,71,44,1,34,23,35,92,57
3423,41,18,0,85,88,83,69,31,17,30,45,16,47,96
3424,101,53,56,2,27,65,39,60,95,8,40,49,10,36
3433,38,85,5,8,27,97,84,30,75,3,82,63,47,23
3440,71,30,75,12,60,28,24,22,97,22,96,15,2,37
3441,78,89,100,68,97,96,16,72,88,61,101,30,65,4
3442,11,35,59,36,25,81,36,2,40,35,3,77,67,39
3443,99,73,64,38,42,15,51,32,47,97,78,65,24,16
3444,74,32,70,56,76,20,96,74,64,16,5,68,59,33
3445,61,11,37,61,87,98,96,44,62,79,74,94,92,62
3446,78,83,66,38,28,38,33,85,82,7,79,60,65,18
3447,93,9,6,69,62,37,64,30,5,101,30,70,34,31
3448,64,26,84,94,96,87,24,27,30,60,47,79,20,46
3449,11,2,34,32,54,45,31,89,61,74,12,49,64,10
3450,20,96,15,53,78,58,70,42,17,83,59,12,57,0
3451,53,69,49,68,22,23,39,63,6,35,87,100,76,95
3452,99,26,86,3,1,51,41,16,13,92,65,77,55,68
3453,89,56,11,54,77,33,5,26,49,92,53,75,73,39
3454,52,42,48,65,16,49,5,13,43,94,68,44,72,93
3455,25,25,18,101,80,97,93,8,79,80,59,2,18,65
3456,75,88,67,69,37,87,4,47,46,36,59,5,19,87
3457,63,46,86,61,54,5,9,57,47,37,99,85,58,73
3458,51,37,99,58,35,90,87,33,41,7,22,40,76,3
3459,27,39,90,71,74,27,12,35,67,24,23,4,96,99
3460,1,40,54,50,45,62,60,26,75,16,97,7,19,74
3461,24,30,51,1,97,57,83,11,48,67,92,97,68,79
3483,58,2,5,22,92,79,24,37,88,24,67,89,66,6
3484,6,49,92,90,41,43,79,85,37,54,48,42,44,99
3532,20,85,70,21,15,6,18,55,14,46,99,37,10,101
3536,12,51,16,78,1,80,42,9,96,9,42,22,55,38
3538,23,9,58,26,8,49,45,65,65,99,85,24,89,73
3540,65,11,78,69,96,54,78,72,87,50,33,93,31,95
3545,14,79,18,53,20,50,66,6,83,21,17,20,49,33
3547,27,31,2,93,98,25,92,20,94,84,16,26,47,41
3549,61,24,23,34,20,35,83,95,95,25,16,100,67,41
3550,3,94,8,96,52,53,63,17,46,87,47,83,48,57
3557,0,41,76,24,70,54,39,55,23,90,20,77,39,97
3558,47,78,43,2,98,5,4,97,60,55,91,66,87,71
3559,25,65,27,51,101,55,86,82,97,63,66,12,23,21
3560,81,2,10,0,57,17,87,71,79,26,76,5,76,15
3569,83,52,19,12,42,87,90,95,54,85,54,99,85,34
3570,52,41,23,96,34,12,36,68,9,68,48,80,39,31
3584,34,65,64,13,91,77,66,88,95,0,83,20,66,53
3623,29,59,16,59,93,41,43,98,64,82,69,97,29,30
3624,2,93,78,59,5,81,3,82,45,43,51,57,64,23
3625,48,57,25,92,25,66,33,84,63,82,28,21,22,96
3626,44,2,63,10,65,93,61,87,32,4,46,7,25,20
3627,65,89,24,71,72,62,56,26,66,44,57,59,32,83
3628,38,1,61,7,2,55,79,12,94,96,2,5,36,16
3629,10,43,82,21,82,76,73,32,58,81,101,65,55,19
3630,94,77,30,35,89,6,36,84,89,24,44,31,52,34
3631,58,63,42,33,91,58,98,97,69,94,89,11,1,51
3632,65,101,8,62,2,15,64,18,33,63,10,41,8,2
3633,15,20,5,42,81,88,89,69,9,42,2,43,8,91
3634,21,43,79,24,29,99,67,94,21,3,27,39,94,42
3635,15,2,64,6,13,99,92,60,66,51,46,64,92,70
3636,17,33,61,79,14,38,89,67,48,83,92,13,89,95
3637,101,62,89,76,49,65,98,67,19,38,35,4,56,4
3638,96,17,7,58,15,3,63,1,74,14,61,23,54,46
3639,43,41,87,87,61,72,92,4,48,27,7,87,30,99
3640,33,18,57,24,10,48,86,85,92,78,34,42,7,79
3641,0,22,63,85,75,53,44,61,32,64,87,64,44,45
3642,11,24,79,60,60,2,40,62,1,7,97,90,99,93
3643,22,41,48,52,85,57,96,11,31,99,59,76,82,70
3644,80,57,86,63,46,21,33,69,74,71,75,34,68,75
3645,31,34,3,59,3,101,21,10,19,60,43,35,40,82
3646,98,51,25,58,89,85,58,37,78,30,96,18,87,83
3648,12,45,4,78,40,68,11,76,32,92,78,8,81,99
3649,35,5,21,23,40,33,28,55,86,78,28,61,97,48
3650,68,21,73,52,52,30,9,79,11,82,87,55,64,41
3651,80,35,46,99,11,56,10,77,29,24,81,47,17,76
3652,40,77,78,90,94,77,62,24,47,6,19,13,43,28
3653,64,16,4,83,7,52,71,37,58,72,74,41,34,63
3654,86,11,53,25,3,62,36,3,22,4,14,62,66,33
3655,37,8,43,6,32,29,23,64,19,52,95,21,29,81
3656,15,6,13,24,25,78,25,78,19,50,31,61,25,69
3657,6,70,57,98,36,51,3,75,94,63,92,32,4,17
3658,72,2,52,58,0,82,24,22,18,0,32,32,7,83
3659,43,26,62,100,54,56,4,56,46,7,38,80,84,95
3660,20,33,8,0,96,99,94,41,35,5,43,61,81,1
3661,95,65,29,101,71,99,5,80,22,36,51,80,83,87
3662,57,32,60,25,6,71,83,83,24,34,73,69,37,91
3663,95,20,50,15,41,101,18,60,8,78,100,69,1,77
3664,77,19,37,22,67,12,52,36,64,3,87,50,101,76
3665,89,77,41,73,47,53,91,6,94,101,32,35,45,26
3666,60,60,70,24,37,11,32,68,94,83,55,53,33,60
3667,56,87,46,15,56,100,89,5,33,8,13,74,99,31
3668,66,99,61,82,32,83,88,92,68,62,54,54,7,79
3669,82,12,88,91,35,79,37,8,26,45,68,79,0,47
3670,17,3,50,42,71,36,75,25,37,4,63,53,33,88
3671,24,20,50,66,19,93,72,36,23,7,25,52,40,45
3672,66,73,22,49,34,32,85,68,47,47,81,96,84,5
3673,18,60,69,96,10,91,100,17,21,65,87,92,69,53
3674,92,88,15,87,89,36,11,72,2,32,76,69,5,86
3675,9,52,59,49,70,14,21,86,88,68,97,34,38,60
3676,35,81,3,3,22,7,77,38,14,101,63,80,85,78
3678,101,5,85,71,45,15,94,47,2,82,88,70,88,17
3681,80,63,47,63,20,6,97,90,52,24,41,7,14,88
3685,50,77,56,19,23,29,51,92,92,70,85,67,21,88
3687,16,57,60,9,36,100,38,13,20,58,51,87,88,94
3689,80,50,26,61,44,81,34,50,50,76,10,69,2,85
3692,66,25,16,71,7,90,84,25,53,15,94,9,6,97
3698,37,31,83,23,69,44,9,48,55,81,91,65,18,83
3700,43,53,26,72,37,77,78,8,52,10,88,73,56,30
3701,64,91,49,40,22,42,8,84,46,49,94,3,69,93
3769,34,57,101,59,21,40,36,22,52,84,38,12,61,41
3770,44,51,56,26,69,93,66,89,28,98,67,25,6,27
3771,2,99,19,65,14,28,43,91,61,39,31,70,45,87
3772,67,51,98,28,15,42,49,70,8,93,71,71,95,93
3774,95,89,45,7,41,49,66,89,46,89,88,43,76,31
3775,43,4,59,67,66,5,85,50,96,58,23,46,48,87
3787,12,36,73,57,48,89,77,13,35,5,22,95,47,59
3793,26,62,66,94,32,34,74,18,63,13,56,39,76,79
3794,90,66,51,14,27,67,3,22,48,87,99,64,11,12
3797,84,101,75,9,50,51,70,47,27,18,77,30,52,61
3798,84,53,68,72,43,26,40,1,71,50,71,44,46,12
3800,67,35,15,95,22,52,58,66,95,22,76,47,66,58
3801,96,36,53,73,85,15,51,76,43,17,35,68,70,81
3802,46,73,5,95,22,74,59,98,63,58,29,40,84,58
3803,63,76,51,90,93,32,31,29,8,10,80,25,78,79
3815,61,17,79,100,81,17,31,65,31,32,35,56,65,16
3816,101,74,92,94,53,11,77,15,71,0,89,100,3,85
3848,100,2,94,62,66,0,91,83,101,72,48,73,70,95
3849,31,39,33,25,33,77,20,81,66,73,14,95,35,31
3856,73,41,68,86,3,4,17,64,58,90,94,46,15,58
3857,3,89,92,90,80,57,47,13,21,4,16,1,28,58
3860,10,87,51,4,40,72,27,19,101,1,71,75,86,41
3861,97,72,43,50,62,69,27,60,61,2,95,19,14,20
3864,51,8,43,41,31,63,98,77,9,95,31,84,90,32
3865,97,10,26,64,79,94,74,88,61,64,80,44,81,40
3867,8,85,42,76,52,44,59,7,11,37,1,62,56,53
3868,75,75,26,79,50,22,49,31,52,96,16,76,38,28
3869,27,55,24,89,22,4,49,29,53,66,88,17,45,53
3873,23,30,86,29,3,86,72,67,22,22,3,36,56,16
3880,96,7,0,36,89,35,100,87,34,1,33,5,40,82
3884,84,29,78,10,18,74,21,56,20,33,20,73,94,63
3885,64,57,35,17,97,69,64,14,98,11,90,58,7,96
3886,15,91,19,5,76,101,62,53,82,63,66,88,1,40
3905,80,94,71,72,96,19,92,6,100,0,18,93,57,22
3906,94,10,55,72,97,30,9,34,100,6,18,41,99,17
3907,40,25,31,88,7,98,50,22,92,5,0,19,35,76
3908,76,68,97,8,73,1,85,10,34,67,87,59,32,23
3909,99,86,46,81,34,30,2,13,26,19,86,15,40,1
3910,29,94,70,40,78,78,19,86,23,84,25,73,7,5
3911,19,33,25,85,1,79,43,86,57,4,81,31,68,94
3912,91,67,12,76,14,23,56,57,43,93,73,6,79,0
3913,60,84,26,85,41,84,65,95,78,65,20,98,81,20
3914,7,27,56,94,15,34,4,66,96,24,12,22,97,70
3915,0,58,4,57,50,89,70,29,33,25,23,40,2,89
3916,90,83,6,18,98,18,66,95,62,56,88,8,78,76
3917,95,33,64,47,43,35,4,67,40,99,58,74,11,2
3918,93,37,13,19,95,16,17,47,70,17,101,90,63,38
3919,55,54,68,37,44,86,42,70,44,13,47,69,13,26
3920,72,62,30,81,21,92,88,17,26,35,26,94,76,48
3974,52,83,15,1,44,77,72,20,2,61,16,0,35,83
3975,43,91,61,48,21,71,75,22,9,99,78,62,6,70
3976,48,9,84,31,92,95,17,6,72,25,93,53,76,45
3977,92,23,44,23,83,87,20,63,43,59,42,58,70,19
3978,70,36,72,8,95,85,2,48,88,64,82,72,55,47
3979,70,20,32,25,3,21,3,100,16,101,74,12,82,66
3980,71,43,99,83,95,99,94,36,70,26,29,50,97,33
3981,42,22,65,96,28,1,96,43,6,59,33,49,61,89
3986,0,84,83,89,37,57,5,92,27,43,90,26,60,67
3988,79,91,87,13,23,21,4,28,41,97,23,38,74,17
3989,0,51,22,39,63,34,69,58,43,49,60,89,35,75
3990,9,72,19,68,37,6,9,92,26,84,27,23,32,98
4018,58,33,29,96,14,31,91,65,56,30,27,94,29,2
4027,5,1,57,85,58,40,30,95,16,88,11,3,64,24
4028,20,1,60,85,32,31,52,57,85,36,37,88,82,46
4030,53,5,68,48,15,55,2,9,70,95,17,91,100,6
4033,89,37,16,92,48,38,81,68,43,87,34,46,41,30
4034,66,84,97,42,97,43,66,5,57,64,91,32,6,98
4038,84,17,76,43,68,26,16,1,46,88,63,73,47,41
4062,51,50,19,98,43,91,58,32,95,38,5,21,41,0
4074,97,93,93,73,17,94,85,25,2,48,97,29,53,4
4086,15,19,36,76,67,30,39,48,63,62,22,27,17,67
4087,18,80,76,22,46,22,76,75,27,43,34,11,67,86
4089,70,91,1,70,3,37,58,12,72,25,60,28,44,36
4091,40,0,5,0,60,45,37,72,70,21,30,86,97,53
4092,81,32,22,89,16,37,80,44,72,10,0,78,51,71
4095,89,72,61,15,35,94,99,99,65,8,6,84,24,62
4099,54,5,13,7,49,100,64,32,43,20,6,4,23,33
4101,54,77,62,6,58,0,54,49,72,67,57,84,83,62
4103,87,87,40,90,20,15,63,66,43,59,87,58,8,51
4105,94,36,80,51,9,91,6,52,66,47,19,89,17,61
4107,77,57,49,100,95,24,50,73,76,10,33,3,63,60
4109,65,99,63,46,21,16,64,81,33,94,33,97,45,58
4110,53,4,72,8,3,10,32,50,16,31,101,8,87,8
4111,53,97,0,74,20,69,55,89,83,21,22,35,64,90
4112,87,39,82,83,47,46,14,12,0,83,91,10,97,68
4113,36,85,19,30,72,56,27,72,41,4,49,92,40,57
4172,86,87,50,76,62,1,52,54,55,4,13,81,4,35
4173,76,88,15,17,69,84,64,11,34,64,31,98,97,18
4174,91,6,61,9,52,64,73,1,99,22,6,36,41,79
4175,74,93,100,29,101,48,97,72,4,97,77,38,16,3
4176,78,70,72,12,99,68,74,67,62,50,93,22,71,8
4177,33,50,62,35,37,45,100,58,49,48,66,67,77,94
4178,62,66,17,37,90,45,67,11,97,33,71,79,88,85
4180,72,67,55,10,34,26,98,36,29,13,58,61,41,36
4181,89,9,10,85,46,59,14,3,76,25,96,26,22,29
4182,71,44,5,65,57,80,16,31,20,74,67,91,52,39
4183,70,98,87,24,48,50,82,39,64,73,25,97,15,90
4185,56,99,85,75,23,13,50,76,59,88,68,1,77,73
4187,67,62,10,101,64,36,1,8,83,93,99,100,88,64
4192,48,22,47,82,97,71,98,20,94,15,29,52,69,79
4195,22,25,49,19,61,24,62,81,7,75,52,88,57,26
4197,71,32,92,79,2,46,4,101,9,82,10,47,59,4
4214,59,63,9,41,89,41,48,33,2,99,76,101,89,21
4215,54,71,10,21,95,34,29,33,32,90,49,12,34,28
4217,18,50,9,90,7,81,1,101,27,2,44,7,39,21
4218,74,75,45,67,40,41,45,48,35,70,30,96,35,77
4220,62,33,57,6,12,64,42,78,71,41,53,87,17,23
4221,69,45,87,46,44,14,32,97,37,25,43,13,76,28
4222,34,19,11,11,81,30,19,95,74,69,5,33,20,87
4223,33,75,81,101,36,8,40,22,43,47,68,50,66,28
4224,97,38,37,6,57,12,32,82,35,68,55,76,94,71
4225,60,50,94,85,91,93,50,26,5,78,48,74,53,27
4251,68,23,82,66,2,26,54,35,18,70,100,94,44,71
4254,91,46,83,30,20,94,101,19,67,16,94,29,42,96
4255,100,1,64,19,49,10,91,71,78,0,36,54,21,72
4256,101,63,94,22,80,84,69,33,56,89,31,42,15,66
4257,68,91,74,59,63,100,28,95,40,80,26,50,84,61
4258,19,29,13,7,24,33,47,59,15,33,80,56,28,94
4259,64,81,64,73,87,53,36,42,96,46,1,11,66,57
4260,42,43,70,63,73,77,47,90,85,40,39,79,86,15
4261,35,49,39,6,84,73,43,92,37,51,3,87,31,63
4262,82,57,85,59,88,31,71,80,16,13,4,31,49,19
4263,20,59,52,100,11,98,2,9,47,40,5,4,39,92
4264,92,15,53,5,1,58,99,29,40,20,18,46,82,95
4265,11,0,14,24,1,70,34,35,52,74,25,99,43,61
4266,64,49,28,40,57,23,72,98,7,59,24,2,93,95
4267,8,87,19,43,58,59,62,78,36,6,46,31,89,88
4268,45,50,3,68,15,84,32,5,38,56,13,27,44,97
4269,47,61,68,90,95,83,73,48,14,1,12,26,81,39
4270,41,8,40,40,14,71,91,6,49,21,42,89,71,29
4272,24,23,89,14,56,69,86,26,48,61,37,84,31,58
4273,36,6,32,91,44,61,80,17,48,37,89,22,82,63
4274,90,28,77,81,30,90,37,3,13,75,31,20,46,55
4275,53,6,37,4,44,4,11,24,77,47,52,64,41,92
4276,2,60,45,36,81,11,78,56,54,72,30,60,38,89
4288,60,46,9,38,25,32,21,46,65,89,49,3,75,99
4289,53,80,57,78,75,39,95,30,30,67,76,86,15,78
4290,73,20,79,47,94,1,67,61,41,44,39,51,25,72
4291,39,20,26,79,80,97,66,97,31,15,86,21,55,89
4294,41,12,65,46,3,51,19,48,57,52,3,88,3,32
4297,30,43,2,42,27,86,34,45,93,31,45,61,13,2
4299,16,2,51,72,32,10,90,39,28,54,4,54,15,72
4304,11,71,94,18,100,25,70,38,59,86,71,100,46,37
4305,101,4,67,30,26,101,11,44,47,11,73,99,33,63
4307,3,98,14,62,96,9,72,49,72,20,56,78,13,97
4308,87,56,0,51,85,14,87,41,84,59,77,9,59,61
4309,9,19,41,1,98,98,43,28,29,69,76,93,89,50
4310,48,90,99,29,78,45,8,101,2,78,93,93,93,36
4311,25,67,5,43,74,6,67,89,33,92,14,16,11,22
4312,66,17,73,60,3,57,56,63,35,40,46,17,59,56
4314,2,30,6,11,15,32,38,72,74,84,26,72,22,72
4320,57,83,83,26,68,88,49,93,3,3,41,53,40,51
4323,96,38,39,24,53,16,63,55,101,68,17,74,45,68
4324,50,46,57,32,6,95,30,99,63,76,0,21,37,97
4333,67,101,18,75,52,58,60,0,77,74,49,72,82,6
4335,26,96,4,81,45,82,14,63,44,16,70,99,77,87
4336,43,5,17,52,31,5,40,30,58,48,97,76,83,37
4352,11,52,81,39,100,64,76,97,47,60,75,50,57,78
4353,3,94,52,59,23,49,77,65,101,101,94,33,63,60
4354,75,46,13,92,43,0,43,99,80,39,39,70,81,85
4356,52,59,27,40,37,71,28,13,55,0,54,57,32,40
4357,79,23,32,91,11,34,9,40,57,75,75,99,43,10
4364,21,54,53,80,81,63,99,78,52,56,80,38,40,53
4365,96,37,54,57,25,20,78,79,85,39,59,12,48,61
4367,83,47,74,72,52,19,87,92,89,18,34,19,27,41
4369,80,82,100,69,65,59,56,68,86,1,55,3,76,92
4371,5,73,1,6,96,51,17,76,54,9,72,41,52,34
4373,20,74,30,99,14,49,81,48,91,77,36,75,76,94
4378,9,19,1,97,39,0,68,69,26,81,5,40,76,96
4381,101,34,49,19,91,14,101,67,51,20,100,26,97,53
4385,82,95,78,18,99,81,22,50,74,69,78,25,12,78
4386,46,70,17,19,85,44,44,101,51,38,34,41,44,15
4387,49,7,2,45,56,24,62,14,16,36,0,69,8,55
4388,41,38,89,76,75,1,52,72,45,70,57,4,53,41
4399,47,82,27,91,49,73,31,57,76,64,36,68,21,77
4400,88,83,7,79,45,79,86,54,52,43,80,14,44,77
4405,34,72,13,70,17,49,10,78,59,61,40,63,19,52
4407,80,15,91,96,6,43,19,43,96,36,21,22,40,6
4408,15,38,32,20,68,22,23,7,72,68,27,9,50,25
4409,25,94,1,0,60,34,31,49,43,14,23,39,67,81
4410,24,86,86,45,96,87,65,67,19,34,27,84,83,46
4411,48,96,89,91,75,86,88,84,50,23,57,86,30,0
4412,54,68,78,67,91,96,14,98,78,36,97,63,51,27
4413,52,69,45,16,43,22,65,32,79,95,89,56,78,92
4414,84,15,81,8,74,82,60,54,53,40,99,71,77,30
4415,13,67,51,21,38,63,69,57,40,81,79,32,23,94
4418,34,73,12,0,87,50,20,29,57,0,60,52,23,90
4419,43,68,50,29,84,25,29,22,48,30,63,44,13,79
4420,41,80,98,55,89,15,50,33,72,32,80,73,62,2
4421,35,90,3,56,0,78,1,6,27,49,46,54,99,24
4422,36,1,48,13,72,13,75,77,33,97,101,37,43,11
4423,26,69,3,28,31,16,49,55,31,48,29,31,88,29
4432,95,54,73,75,91,6,76,38,75,61,48,54,69,82
4433,99,43,43,56,12,15,98,88,40,69,47,91,93,89
4435,23,69,101,35,63,38,15,87,3,25,2,86,91,82
4436,47,7,49,8,7,2,13,101,9,99,67,52,72,17
4439,54,41,46,44,47,63,97,21,53,86,46,48,29,85
4446,13,95,51,29,100,26,0,90,68,36,89,16,65,90
4447,17,83,65,43,40,40,40,34,67,37,93,43,14,3
4448,76,67,75,92,28,14,52,71,9,81,33,62,23,59
4449,94,58,38,57,99,8,91,36,30,63,55,101,2,93
4450,63,79,85,95,51,35,80,60,19,96,14,2,63,12
4451,2,43,49,68,47,93,34,0,0,58,92,5,18,95
4452,40,28,65,2,39,76,78,0,68,38,24,7,88,42
4453,20,66,39,91,52,8,48,25,39,101,94,14,49,45
4454,76,38,99,94,50,8,33,91,90,29,67,95,49,89
4455,99,36,86,4,79,12,78,49,0,10,29,63,80,75
4456,77,15,95,0,33,9,54,52,22,79,83,36,32,54
4457,37,91,59,36,36,84,64,48,35,98,95,58,52,7
4458,39,59,22,56,99,66,18,30,23,72,34,80,2,41
4459,90,27,66,28,90,50,10,48,8,86,72,66,60,92
4460,26,41,92,22,53,18,72,35,41,85,30,53,26,71
4461,32,55,60,54,25,55,37,64,22,21,23,52,22,5
4463,9,77,84,64,51,81,46,4,75,38,15,38,29,59
4466,86,55,59,77,86,56,3,50,17,80,14,12,12,56
4467,57,37,101,66,6,52,9,67,100,36,5,38,37,27
4469,22,4,79,1,28,33,16,83,27,42,45,40,70,12
4470,51,32,65,53,34,43,83,65,100,101,6,83,59,9
4471,87,90,31,99,50,76,96,33,7,38,48,91,39,42
4472,81,46,58,85,42,65,56,33,66,96,32,95,93,56
4475,38,34,75,21,11,10,58,50,84,66,46,85,2,38
4478,71,91,34,43,94,2,65,89,90,48,24,4,28,101
4479,46,79,7,42,93,82,50,37,9,28,50,5,64,76
4482,48,76,90,81,99,38,59,13,63,97,25,96,82,14
4484,11,3,36,67,41,27,63,72,10,31,61,92,15,52
4486,63,15,30,76,81,54,78,6,33,37,52,48,82,24
4487,16,51,83,72,88,83,40,95,76,21,26,81,83,88
4492,36,12,79,7,49,24,7,35,17,2,13,56,74,75
4493,98,78,26,34,73,21,81,69,85,53,73,9,46,9
4494,41,36,43,32,90,64,51,92,37,100,21,55,58,83
4497,21,77,82,12,36,83,68,15,40,44,18,81,85,21
4498,53,74,23,44,72,55,32,89,46,23,80,75,18,65
4501,44,56,63,11,1,74,79,2,60,101,53,89,15,78
4514,100,85,32,75,81,51,99,91,49,30,87,61,24,64
4516,23,87,26,79,46,36,5,29,98,7,20,89,82,40
4518,81,13,59,64,12,55,22,69,63,30,25,48,63,12
4520,5,79,23,32,26,92,26,67,7,32,40,79,80,6
4530,15,76,31,1,12,6,49,29,33,92,55,88,53,98
4532,8,95,44,90,38,42,53,25,41,11,41,43,84,43
4533,65,67,36,70,62,15,70,30,4,57,73,48,86,81
4534,14,60,34,14,28,31,3,84,80,81,34,9,39,6
4538,93,38,62,75,81,97,22,90,7,94,7,36,44,89
4539,15,4,21,4,25,69,7,68,49,65,69,16,57,58
4540,10,80,76,15,77,65,95,99,86,6,83,74,60,59
4541,35,30,66,44,59,45,73,8,101,76,20,38,17,68
4542,9,83,44,89,93,49,37,97,67,28,54,48,71,23
4543,79,12,76,75,52,85,85,19,27,68,27,37,36,77
4544,69,77,38,42,76,53,36,30,12,87,35,10,59,42
4545,28,22,25,80,23,62,38,17,51,62,60,83,6,34
4547,95,58,53,6,70,24,10,93,54,34,22,43,16,100
4548,60,59,23,42,74,36,3,98,11,100,25,77,66,93
4549,57,28,32,89,45,33,18,12,46,10,52,17,40,82
4550,48,51,33,62,18,42,48,3,98,46,80,84,64,81
4551,100,59,83,9,91,79,74,61,13,88,85,65,31,12
4553,75,63,4,34,98,79,4,77,20,80,20,50,62,10
4555,1,74,64,79,19,70,79,84,77,71,39,5,38,66
4556,63,95,44,76,82,35,38,29,26,43,8,51,39,95
4557,42,101,0,77,68,25,73,50,22,89,86,86,15,45
4558,53,11,64,81,80,80,33,62,47,4,12,92,29,27
4568,57,63,14,58,61,48,65,61,89,16,60,94,85,26
4584,60,101,5,76,45,90,78,51,89,17,100,68,36,92
4589,73,46,44,53,79,66,42,66,95,39,49,47,9,15
4590,86,62,28,0,25,67,22,88,41,32,62,9,35,58
4593,89,69,32,67,59,2,97,7,94,86,61,48,86,4
4594,61,71,20,78,31,40,23,41,68,62,56,45,78,81
4595,95,2,88,34,62,75,56,64,79,6,74,32,29,52
4603,51,8,75,6,81,83,81,71,93,78,97,34,68,69
4609,63,68,68,22,87,90,87,10,54,13,51,35,12,43
4613,42,14,84,26,25,85,70,42,8,29,86,98,85,30
4615,57,1,49,92,13,15,35,50,1,32,51,88,24,22
4616,26,38,29,73,25,72,24,67,44,1,88,13,92,1
4661,93,86,75,78,43,42,59,9,79,32,8,56,37,17
4663,50,61,33,29,90,79,47,32,77,45,12,43,31,39
4665,16,65,77,5,29,63,56,67,93,64,97,8,56,97
4667,36,61,4,45,4,1,30,4,7,89,65,92,76,9
4669,18,35,81,74,101,20,44,4,37,18,52,24,58,51
4670,1,66,34,101,97,69,12,67,96,101,33,31,93,95
4671,22,12,3,31,39,97,15,41,84,22,61,23,12,94
4672,66,58,42,67,48,94,58,96,17,29,50,38,90,96
4675,49,79,93,27,41,33,66,49,10,35,82,39,88,26
4677,61,93,99,37,56,1,27,14,27,49,79,38,50,65
4679,32,36,69,1,60,29,77,92,67,1,17,22,80,80
4680,38,67,5,4,40,76,5,45,73,47,53,29,33,52
4681,33,28,9,87,6,4,63,27,68,24,96,16,100,86
4682,90,75,46,47,59,48,65,12,59,30,68,26,82,73
4683,63,94,18,37,90,14,10,74,80,47,67,63,98,61
4684,72,35,0,14,72,33,88,19,94,74,17,10,55,77
4685,8,29,32,36,68,53,78,42,52,15,101,26,59,59
4687,21,61,8,60,30,24,96,68,98,17,77,35,1,83
4688,31,71,100,49,12,43,7,17,70,96,79,94,18,21
4690,1,76,84,14,98,4,62,5,86,96,37,5,31,45
4691,99,77,67,36,46,80,65,30,44,94,47,86,97,34
4692,48,3,11,24,82,61,92,13,12,56,61,58,18,83
4693,79,77,4,0,71,75,81,65,18,31,78,94,74,41
4694,84,94,33,93,99,25,63,96,91,42,24,68,50,51
4695,66,27,20,74,45,3,51,80,18,33,20,82,39,69
4696,49,32,54,93,81,101,72,15,11,96,3,89,5,43
4697,56,40,18,48,83,20,46,95,76,53,38,77,45,20
4699,59,70,24,67,34,21,55,94,54,81,58,10,58,35
4700,32,22,52,3,25,75,19,13,22,16,91,33,101,60
4701,37,69,70,17,8,43,89,55,80,90,41,79,72,19
4702,69,57,50,89,99,12,52,90,93,19,13,58,32,91
4703,5,14,24,96,57,31,47,35,74,72,47,21,2,16
4707,30,62,17,90,4,92,65,46,80,49,13,22,42,1
4708,29,31,23,70,14,10,85,62,48,65,80,4,81,64
4710,61,86,54,58,0,16,94,95,7,78,16,6,72,91
4711,57,79,10,66,18,13,97,17,19,61,41,24,59,71
4712,13,54,19,35,71,96,59,10,5,57,12,37,83,8
4715,67,56,17,4,30,76,10,96,31,97,57,68,17,64
4719,8,10,37,72,72,13,1,46,88,75,66,12,15,98
4720,91,56,21,3,31,38,59,27,65,70,37,74,56,71
4721,68,73,4,3,54,100,36,10,10,79,6,79,44,56
4722,18,62,59,56,4,18,38,44,48,21,11,88,17,53
4723,82,2,86,26,29,6,67,27,49,85,40,67,41,15
4724,18,76,13,91,73,35,9,46,34,59,47,25,12,50
4725,13,65,10,0,96,64,5,54,72,79,51,39,71,26
4726,8,27,17,64,7,36,52,40,86,46,66,85,10,35
4727,61,101,45,2,79,60,3,2,4,40,22,33,98,73
4731,100,16,35,96,98,50,51,99,19,88,36,25,91,84
4732,23,70,78,8,86,67,50,95,20,48,58,32,86,33
4733,80,81,28,97,7,38,13,43,2,74,43,86,44,7
4734,15,24,40,69,83,62,41,34,59,59,85,8,61,17
4736,34,25,40,74,53,31,0,72,97,76,48,97,88,21
4738,100,49,22,73,69,51,85,68,47,17,71,29,59,56
4740,74,61,26,4,7,87,40,13,45,90,32,95,79,28
4741,83,46,21,57,46,56,59,91,0,96,1,16,81,51
4742,101,3,52,25,23,5,62,99,38,59,11,27,84,61
4745,33,16,44,86,99,39,67,72,3,54,43,85,27,4
4748,87,66,16,99,54,14,77,86,36,18,4,22,40,29
4750,92,27,88,22,88,29,63,9,25,31,71,27,95,81
4751,48,0,33,5,76,66,56,38,40,35,50,2,84,33
4752,47,24,0,55,54,74,0,30,54,49,80,61,8,2
4753,59,29,29,62,52,45,88,77,56,44,64,66,62,73
4756,37,21,90,1,31,85,38,76,13,74,27,6,39,98
4757,65,72,43,64,7,9,92,83,37,93,54,30,48,59
4758,36,6,27,85,90,60,61,64,44,41,82,36,4,100
4760,42,62,71,32,62,99,67,36,96,20,57,1,36,10
4761,5,12,99,68,87,14,29,48,35,98,83,74,48,31
4762,14,59,22,35,5,42,98,101,5,16,10,54,29,53
4763,59,6,18,74,74,43,54,25,87,42,58,32,16,28
4766,101,81,14,78,61,60,10,94,51,38,37,100,64,54
4769,43,57,64,25,48,88,34,79,65,2,55,97,21,5
4770,38,72,68,88,99,73,4,42,86,19,94,56,94,60
4771,44,11,26,94,27,79,42,66,78,3,85,1,67,58
4777,30,18,68,36,94,80,15,97,19,33,96,46,92,69
4778,6,40,61,16,34,10,56,20,53,62,36,73,45,62
4780,0,18,90,99,14,8,86,94,98,99,12,7,1,31
4781,3,28,35,85,64,26,35,48,77,90,17,40,72,70
4782,42,25,45,77,62,75,32,53,10,93,34,55,68,10
4783,37,8,60,30,67,57,83,85,90,53,44,29,43,3
4784,77,40,27,30,92,30,58,26,60,11,52,15,51,2
4785,4,19,92,25,27,51,16,49,50,22,16,68,12,93
4786,41,57,57,79,53,67,97,91,71,4,37,55,97,63
4787,98,13,19,98,34,43,43,78,91,80,27,89,89,19
4790,25,91,24,49,41,90,16,83,98,64,57,13,96,40
4793,75,72,3,34,2,29,96,83,65,64,85,50,38,43
4795,71,68,100,95,24,13,96,49,25,18,98,94,3,40
4796,94,41,59,55,65,2,66,35,101,23,41,50,26,67
4797,0,93,30,17,9,10,16,98,67,39,38,60,32,5
4798,60,4,69,19,4,14,87,42,88,38,99,7,11,62
4800,16,101,49,30,17,52,78,66,53,7,45,60,40,45
4801,21,15,8,13,86,3,31,78,6,19,8,11,68,32
4803,91,23,26,72,87,9,10,2,76,75,68,21,65,66
4804,54,58,10,72,85,88,57,83,60,51,49,45,86,14
4805,17,25,80,40,46,68,27,26,52,78,58,38,62,9
4807,92,34,82,95,57,81,10,49,54,67,70,51,19,31
4811,44,47,81,52,11,85,66,100,96,58,23,77,97,3
4815,58,5,40,100,74,99,61,91,66,29,68,21,15,21
4816,7,13,45,95,101,42,43,75,55,38,45,100,3,16
4817,49,20,0,70,53,37,98,35,81,61,25,20,11,82
4819,31,11,21,2,73,88,69,50,5,74,92,71,76,46
4820,48,18,53,68,54,3,39,9,32,42,47,5,52,68
4821,71,2,32,49,26,89,56,54,66,61,3,49,10,46
4824,97,50,87,52,46,37,50,81,46,77,67,43,49,80
4825,18,9,20,89,89,43,75,47,41,34,95,51,90,63
4826,35,49,71,95,101,94,90,78,33,82,38,60,0,76
4827,20,8,100,13,45,41,76,2,29,8,98,25,79,10
4828,87,85,58,74,97,85,71,71,30,42,28,15,20,42
4829,47,15,36,39,35,99,3,97,55,12,1,1,73,22
4830,82,21,78,68,77,78,23,2,85,92,53,88,36,45
4831,11,68,66,47,101,32,66,58,73,48,7,1,58,80
4832,70,49,55,48,17,42,99,9,18,80,30,74,63,80
4837,58,69,74,90,96,51,42,42,55,12,98,42,81,32
4840,69,89,17,13,72,27,33,1,29,69,83,63,14,63
4844,22,25,80,98,56,47,76,33,76,90,44,77,54,19
4846,51,63,6,7,14,7,27,8,7,33,81,61,29,95
4847,52,32,18,20,57,86,36,5,47,51,28,53,3,34
4848,6,69,96,13,89,41,97,19,53,27,40,35,14,23
4849,80,11,92,15,28,72,48,18,84,62,96,93,7,10
4850,90,46,65,46,71,32,24,28,0,80,62,35,90,41
4852,32,68,41,35,37,16,61,34,52,93,67,93,56,85
4853,2,77,42,39,81,13,81,43,87,1,78,2,59,55
4855,18,56,34,29,99,54,43,52,34,6,67,81,23,45
4856,79,69,29,73,31,36,58,22,55,12,8,95,16,8
4857,43,10,28,82,61,2,53,92,19,86,52,59,41,13
4858,73,5,45,68,98,39,90,77,2,9,55,56,46,97
4859,45,31,40,10,92,97,42,88,25,78,16,37,47,1
4860,93,100,24,34,98,74,76,56,16,19,17,57,44,21
4861,6,98,51,89,93,23,61,98,64,97,68,64,73,35
4862,20,84,82,93,86,73,84,27,78,72,99,44,99,60
4863,20,12,26,57,83,96,2,2,5,10,63,1,53,12
4865,100,18,61,73,37,65,2,67,30,66,60,50,44,27
4866,88,58,9,11,37,24,76,21,41,3,27,95,25,36
4867,71,15,81,71,20,1,10,47,3,9,52,13,58,58
4891,63,94,49,76,10,11,30,81,46,75,30,33,86,76
4893,35,82,71,7,55,68,95,20,54,28,68,37,19,101
4915,20,54,86,79,4,1,65,3,51,38,2,10,3,12
4916,41,15,27,85,81,20,0,49,66,5,27,69,36,14
4917,15,75,69,72,39,66,19,17,93,99,77,56,84,10
4918,45,52,13,20,89,43,19,71,13,1,4,52,16,62
4919,43,7,73,74,17,91,67,47,27,5,66,55,75,42
4920,8,90,46,80,37,26,49,94,93,79,77,15,14,74
4921,93,50,38,40,3,92,93,10,22,74,53,66,50,75
4975,37,9,100,9,61,32,54,50,45,92,5,45,90,70
4976,21,23,10,75,22,80,19,49,21,75,30,9,11,101
4977,91,90,36,49,58,92,22,60,0,35,14,82,22,52
4978,45,84,62,1,75,98,34,74,60,13,80,53,55,47
4979,16,47,12,91,71,60,88,73,81,5,101,4,73,101
4980,81,0,61,45,55,54,5,90,67,98,25,83,16,27
4981,71,69,59,58,81,66,33,9,79,29,83,52,95,76
4982,19,91,58,80,96,63,61,54,83,57,93,82,96,90
4983,15,91,90,83,42,92,88,17,82,47,24,60,50,86
4984,85,75,12,92,91,25,71,0,6,46,7,80,89,44
4985,87,54,59,89,49,19,88,34,15,6,57,83,14,33
4988,0,91,29,58,44,15,80,81,55,32,1,25,64,80
4989,21,8,61,20,99,20,44,60,23,80,22,25,77,48
4990,49,41,68,3,71,88,4,43,53,69,5,31,78,71
4991,30,84,12,70,37,58,10,63,35,28,0,81,12,18
4992,4,7,68,65,43,41,16,89,83,0,41,72,3,91
4993,37,91,82,72,62,53,32,52,94,50,44,91,59,6
4994,78,64,14,3,76,5,3,18,53,5,49,88,83,29
4995,20,21,15,0,27,74,94,17,75,70,29,79,67,37
5002,22,96,87,80,4,15,49,47,1,97,87,62,65,55
5003,38,0,78,60,87,80,32,48,54,47,64,99,20,73
5004,35,69,47,92,1,38,24,51,80,44,12,68,84,93
5005,63,30,46,50,71,51,80,23,91,98,7,75,5,61
5006,78,90,8,27,40,22,100,98,51,86,80,14,10,90
5011,1,14,72,89,62,31,96,18,38,69,41,4,95,43
5012,26,71,31,65,28,4,82,5,88,75,42,17,38,29
5014,37,56,66,11,15,21,12,54,2,11,95,4,78,77
5017,33,91,14,50,22,41,42,63,15,92,36,94,85,15
5018,89,10,41,77,23,44,34,44,3,76,47,4,4,81
5019,58,90,33,78,55,18,15,24,22,97,83,70,39,70
5021,32,29,93,63,32,62,52,96,51,40,70,33,73,31
5022,10,55,66,29,29,57,7,61,76,55,45,40,40,0
5031,27,43,32,17,26,4,64,41,87,29,86,23,6,38
5032,76,53,76,92,34,34,14,91,28,3,28,71,30,25
5041,51,3,20,49,54,22,88,75,8,30,53,85,5,87
5042,85,4,54,43,97,33,21,12,76,38,22,84,6,75
5043,12,68,55,59,92,10,56,81,37,21,52,100,90,41
5045,36,7,38,56,96,59,66,26,47,12,78,54,27,59
5046,40,28,7,4,49,48,52,94,54,42,48,8,71,98
5098,17,101,70,98,96,74,29,74,25,90,101,5,76,18
5104,67,8,43,90,13,94,93,87,33,90,18,18,51,74
5105,27,27,27,89,99,89,71,28,82,59,13,58,68,72
5106,84,57,27,85,15,0,67,28,41,6,3,52,8,73
5107,88,89,73,28,87,33,39,23,8,20,9,66,100,15
5108,91,0,72,3,53,5,96,77,73,0,2,98,61,22
5109,51,91,6,45,49,58,36,65,83,80,28,46,0,51
5110,47,87,98,88,14,25,10,91,19,38,87,43,18,66
5111,5,81,28,10,25,74,54,49,3,99,43,23,59,21
5112,52,77,0,54,91,16,86,90,46,17,99,11,82,34
5113,23,20,17,64,92,59,52,78,65,75,65,82,37,38
5114,4,101,89,90,41,42,6,68,57,99,56,81,18,0
5115,64,68,50,72,39,12,31,52,55,35,44,52,47,80
5116,69,4,84,66,26,61,58,11,35,42,42,68,32,97
5117,83,49,38,41,89,57,81,0,25,85,25,98,22,63
5118,2,42,62,23,30,47,36,73,98,63,27,100,73,44
5119,41,92,32,90,58,66,77,55,53,87,96,92,78,76
5120,74,73,25,54,59,69,49,31,33,31,43,75,66,27
5121,95,86,47,100,73,60,53,69,82,20,74,74,93,64
5122,66,41,90,1,37,93,8,31,31,69,81,0,77,86
5123,4,17,56,93,1,82,58,84,94,59,55,75,17,24
5124,82,74,7,101,29,25,22,2,91,69,31,68,57,26
5125,4,36,65,11,100,54,59,7,19,33,8,40,94,33
5126,47,79,76,35,60,100,40,47,42,76,73,72,71,23
5127,89,21,21,61,82,15,24,4,24,53,78,10,46,36
5128,73,92,68,43,101,21,75,69,98,92,75,15,71,26
5129,78,21,12,79,47,31,17,86,4,34,41,93,80,17
5130,31,35,43,15,93,61,82,76,77,60,0,94,61,73
5131,101,51,65,84,14,53,6,80,39,6,89,68,13,70
5132,64,97,64,42,8,57,2,19,51,58,7,14,86,100
5133,10,32,37,6,94,81,73,17,57,52,95,20,83,14
5134,17,31,90,51,99,57,95,19,27,84,14,99,2,60
5135,23,0,60,42,40,64,53,35,100,82,72,2,51,94
5136,42,75,62,86,56,77,18,86,82,43,53,34,76,14
5137,7,57,68,20,99,45,59,26,33,18,11,13,60,73
5138,25,60,36,20,94,54,64,13,44,28,99,91,15,12
5139,5,78,16,93,28,55,76,39,53,13,27,68,10,22
5140,81,5,43,46,78,54,41,55,42,64,30,59,3,57
5141,18,22,61,37,46,40,47,24,21,55,46,101,45,72
5142,67,17,52,94,23,44,17,20,76,65,27,87,91,25
5143,99,19,0,28,54,51,66,43,30,87,68,62,14,59
5147,72,53,54,4,98,80,5,41,40,11,52,85,29,87
5148,89,51,92,48,20,54,76,49,80,84,68,37,76,71
5149,1,53,58,40,61,90,101,52,41,37,81,23,101,54
5152,54,82,13,32,94,74,94,97,68,78,24,56,37,95
5153,87,62,74,58,93,45,16,91,93,73,20,8,9,9
5155,32,13,81,9,48,47,54,21,14,87,101,70,97,2
5156,42,81,75,15,42,59,82,32,93,13,17,98,79,85
5157,91,101,32,25,1,46,1,32,5,50,45,92,15,90
5158,37,2,23,42,23,16,48,56,27,15,83,100,81,95
5159,96,29,34,56,40,85,55,12,98,2,74,60,95,0
5164,48,65,23,73,62,92,54,88,15,96,6,39,81,47
5165,62,81,18,88,7,9,35,17,24,20,54,51,24,56
5166,78,62,78,2,6,45,88,60,0,33,3,39,50,75
5167,1,4,100,42,54,100,78,67,77,0,7,26,48,70
5168,98,24,43,53,60,47,34,70,45,81,29,92,48,96
5169,69,89,89,60,90,85,87,87,12,16,6,47,46,98
5171,11,42,66,18,72,52,70,0,52,60,101,83,39,7
5172,38,57,89,66,22,48,74,65,39,19,74,53,47,60
5173,16,69,52,56,55,22,43,101,41,29,5,50,46,71
5174,76,77,48,60,94,83,83,92,17,84,32,100,54,82
5175,47,77,87,37,67,27,55,57,25,80,0,93,86,11
5176,70,60,23,72,93,80,63,18,16,77,26,96,50,77
5177,44,53,62,96,98,85,9,79,19,4,101,36,69,76
5178,42,18,14,42,18,4,13,34,63,25,97,6,13,27
5181,78,58,94,37,83,65,8,39,91,45,79,50,6,76
5182,20,67,58,44,4,67,11,26,34,67,52,83,45,23
5183,52,16,8,95,39,56,91,5,14,96,71,2,65,37
5184,101,82,25,61,36,8,7,10,43,34,74,77,73,73
5185,42,43,32,99,22,12,81,80,39,83,73,53,47,24
5186,6,59,83,4,54,20,44,93,96,34,2,41,0,9
5187,36,42,92,32,51,76,31,94,29,30,97,46,25,41
5188,14,1,88,21,100,61,2,84,43,33,17,19,14,13
5189,51,37,57,27,46,11,87,64,0,2,51,95,91,57
5190,49,37,96,96,41,81,99,52,11,73,19,57,20,50
5191,62,56,64,99,79,24,77,94,7,100,56,22,100,56
5192,39,33,10,22,40,30,51,19,83,99,67,73,69,41
5193,72,10,8,33,81,57,74,29,61,22,29,60,94,50
5194,54,18,70,82,0,93,64,24,33,89,6,49,52,43
5195,26,12,48,23,98,101,87,84,94,6,42,88,80,67
5196,24,63,95,80,51,101,64,41,1,85,49,81,11,0
5197,17,22,76,18,65,51,64,23,55,3,86,26,55,98
5198,88,32,11,19,32,72,19,44,47,18,92,94,40,87
5199,99,6,97,96,70,83,56,22,66,79,80,60,13,83
5200,29,1,5,16,8,95,24,66,43,33,27,6,17,94
5201,49,62,5,46,89,4,89,95,44,1,30,93,39,97
5202,92,82,96,49,75,2,88,81,21,50,40,42,78,60
5203,57,11,85,5,63,52,95,31,19,51,100,85,71,24
5204,46,77,58,81,6,13,51,5,49,58,90,29,58,65
5205,100,18,47,17,52,61,14,77,77,23,26,19,0,3
5225,81,15,16,17,82,66,65,5,69,53,46,45,59,81
5227,88,17,65,72,48,19,47,71,81,66,9,30,17,20
5229,94,86,40,71,64,101,0,76,55,52,36,72,85,70
5230,7,29,84,85,38,28,27,3,69,73,8,71,79,77
5246,65,26,96,41,18,81,66,18,56,54,99,78,61,19
5249,7,15,33,66,72,56,7,3,18,42,1,32,16,3
5250,98,6,90,52,3,88,14,73,14,62,32,21,27,68
5251,95,4,94,89,78,0,87,43,85,94,79,5,47,20
5252,89,45,1,84,41,31,48,22,53,85,14,45,75,59
5288,29,72,94,20,85,37,14,53,71,17,101,46,17,93
5296,68,12,0,19,99,43,27,30,13,79,51,56,18,13
5297,94,13,99,101,22,99,22,96,43,74,65,24,39,32
5299,101,18,79,39,19,3,30,17,1,30,80,2,52,47
5300,32,52,13,11,99,42,6,34,11,77,47,6,58,89
5301,62,78,13,3,35,46,36,39,1,44,64,13,15,71
5302,97,95,70,61,6,36,18,37,75,88,9,75,35,60
5303,39,80,41,75,43,81,80,34,91,25,98,61,39,71
5304,74,5,47,49,88,56,49,51,65,70,1,12,46,63
5305,92,79,26,57,21,44,22,87,50,8,71,76,12,68
5306,21,82,27,34,86,7,18,69,42,86,96,87,73,26
5308,16,94,10,58,32,60,89,45,70,59,44,50,54,56
5309,22,67,87,82,2,54,87,23,2,52,15,71,97,99
5314,12,94,73,8,10,32,71,80,10,29,33,50,23,22
5315,49,97,83,78,23,84,27,79,57,16,33,47,67,15
5316,17,95,19,12,85,23,60,14,100,54,64,50,22,7
5317,16,87,61,37,34,93,86,39,31,57,52,6,50,77
5318,40,68,71,72,80,22,76,16,45,89,69,53,29,63
5319,32,14,92,84,60,67,87,81,74,2,69,6,82,56
5320,69,97,31,43,69,23,64,91,70,34,21,50,44,89
5321,71,26,20,76,25,80,65,81,55,60,49,19,83,86
5322,84,79,42,5,13,22,13,49,43,66,54,36,65,97
5324,43,24,7,6,7,101,9,31,17,52,85,41,79,37
5325,56,1,49,100,49,68,74,17,81,12,81,29,7,84
5327,5,2,49,69,53,78,29,20,84,30,15,17,7,29
5329,2,35,7,38,0,91,52,31,82,17,7,29,80,39
5331,14,76,61,94,83,22,45,35,0,19,92,80,75,16
5336,13,95,55,36,1,10,68,19,75,34,82,92,58,53
5338,11,49,26,56,26,20,10,49,89,87,81,79,28,89
5341,99,19,43,100,46,42,61,59,3,17,60,37,53,73
5342,65,28,15,74,41,40,22,26,97,5,17,47,28,55
5343,56,30,24,2,49,21,19,29,78,14,82,58,52,5
5345,44,42,73,15,63,55,30,55,56,87,55,14,23,35
5346,85,37,30,85,11,27,48,34,49,91,36,8,19,21
5348,89,74,84,6,92,51,17,68,92,4,2,11,39,7
5349,1,19,3,19,97,46,7,17,70,13,55,49,1,101
5350,7,44,97,96,22,96,66,62,86,67,9,36,66,73
5351,54,44,13,33,84,82,51,31,31,32,95,2,71,69
5352,101,60,14,20,30,2,83,61,39,80,21,88,86,43
5353,12,74,17,57,86,3,96,2,37,67,94,93,46,50
5354,84,96,64,36,98,74,50,66,1,54,90,34,98,65
5355,73,47,14,99,4,19,78,51,80,1,50,22,22,59
5356,90,86,41,71,89,6,10,38,97,11,3,60,33,77
5357,41,9,82,50,89,40,18,0,32,53,92,10,12,25
5361,98,9,48,55,13,62,14,17,71,52,31,12,73,28
5365,27,88,59,88,83,88,76,75,84,99,74,101,27,36
5366,14,64,49,77,70,78,77,83,33,28,60,31,28,101
5369,66,51,49,7,1,94,63,90,9,27,33,72,72,72
5371,83,25,44,71,42,39,68,40,45,46,3,47,45,34
5372,59,51,20,69,21,33,59,13,58,77,64,62,92,27
5374,60,100,42,18,79,54,100,87,92,53,49,41,62,37
5376,100,58,11,54,55,48,51,5,20,18,31,98,47,66
5378,23,9,101,75,55,4,89,82,64,64,66,26,69,24
5381,97,44,10,16,56,27,48,6,63,28,86,71,8,96
5382,48,101,25,10,26,17,77,18,11,10,31,85,56,84
5383,3,37,75,69,42,8,54,51,6,100,7,82,100,39
5384,13,7,49,21,77,87,63,19,6,61,69,62,18,73
5386,39,2,7,54,68,21,37,32,96,21,19,32,56,73
5387,58,93,34,74,25,46,28,32,82,89,11,76,14,81
5388,83,85,24,8,37,34,42,41,9,53,56,31,71,13
5389,2,43,95,80,88,82,8,73,94,38,82,65,86,69
5390,87,86,57,87,14,78,49,49,71,34,9,20,11,92
5391,53,39,5,86,3,45,89,15,47,26,20,18,32,46
5392,94,36,26,36,64,78,34,1,93,7,22,100,100,32
5393,31,64,72,32,97,37,40,29,96,10,72,51,61,28
5397,8,24,14,81,25,27,54,86,47,22,16,38,24,12
5398,89,9,36,48,0,25,36,87,43,23,62,91,89,69
5399,24,76,28,25,50,97,78,53,8,68,74,29,1,95
5400,91,2,43,20,23,0,23,81,47,73,89,2,74,60
5401,89,8,81,98,92,79,95,80,67,64,84,95,13,13
5402,99,101,49,39,79,77,89,101,50,65,77,27,41,95
5403,49,2,98,85,93,5,39,24,1,88,24,81,79,2
5404,13,17,21,20,20,58,44,78,7,20,46,23,42,61
5405,67,40,83,68,17,45,98,69,15,20,96,85,71,68
5406,38,36,95,31,43,45,83,54,6,10,61,82,70,88
5408,9,12,6,98,41,10,82,45,50,43,67,17,23,1
5409,52,60,100,30,75,56,45,27,16,28,54,95,98,22
5410,58,40,20,6,92,88,10,73,13,56,99,38,31,41
5412,69,6,95,94,36,37,31,11,70,76,93,87,15,44
5413,4,82,10,49,29,38,58,83,97,35,69,79,83,73
5414,23,19,100,62,82,91,20,77,22,21,41,38,58,86
5415,22,72,3,79,0,43,57,101,17,40,4,51,39,51
5417,26,42,32,90,79,52,50,35,51,93,81,26,10,28
5418,84,65,95,21,29,32,28,32,30,43,16,23,76,14
5419,53,15,67,92,7,29,81,66,18,67,68,20,93,44
5420,81,28,99,91,63,21,14,31,26,15,58,86,10,39
5421,2,55,101,76,47,59,69,11,33,87,9,28,71,13
5422,94,11,63,74,4,7,21,88,4,39,51,16,21,44
5424,19,76,56,90,66,2,63,22,37,9,20,51,23,42
5425,24,18,21,14,49,91,25,87,55,55,23,20,54,68
5426,31,12,4,24,67,96,54,6,78,63,11,41,12,7
5427,66,38,82,101,16,31,98,90,26,81,46,38,91,96
5428,18,85,37,21,30,55,61,71,22,53,68,54,86,8
5429,33,1,90,87,96,32,12,0,100,22,35,40,73,44
5430,37,97,14,17,66,100,37,93,51,7,54,42,80,17
5431,89,45,63,1,99,63,71,41,96,22,12,50,36,27
5433,52,66,95,21,87,70,85,96,28,65,42,2,89,99
5434,4,0,38,37,2,83,16,64,66,59,66,82,33,1
5435,46,18,65,93,30,39,87,64,1,71,13,92,99,58
5437,77,16,33,55,69,97,70,94,57,36,13,97,58,76
5438,21,71,30,36,25,96,74,20,48,83,32,96,91,78
5439,101,93,15,88,72,100,44,54,90,11,52,97,48,70
5440,100,78,44,27,99,84,72,74,62,67,7,36,82,59
5442,20,93,11,40,69,47,5,61,58,10,1,35,91,5
5443,18,20,44,50,87,8,67,14,59,83,92,96,38,26
5444,63,62,43,84,62,57,59,70,47,18,82,26,26,8
5450,4,29,99,61,13,56,27,2,22,6,66,76,79,52
5453,74,26,46,14,37,80,92,81,25,82,64,10,0,61
5454,35,46,57,44,80,97,42,3,54,21,59,85,10,64
5455,27,2,67,16,68,15,61,90,17,81,41,93,46,98
5456,0,71,2,53,60,59,100,18,77,0,72,10,14,16
5457,20,32,93,26,98,31,22,62,84,17,85,73,57,23
5458,98,43,9,74,19,25,5,62,2,84,29,46,83,82
5460,63,23,96,82,93,55,20,73,38,23,69,80,81,91
5479,19,84,33,35,10,92,4,26,25,11,69,50,88,44
5480,0,97,53,96,59,20,13,80,9,43,68,15,75,86
5481,68,66,9,91,68,57,86,75,62,20,59,80,98,4
5482,84,9,59,68,48,87,15,70,83,6,84,58,78,48
5483,18,16,79,55,70,20,93,15,31,85,0,39,65,76
5484,0,22,42,79,70,25,56,31,87,33,6,54,88,24
5485,11,35,78,47,10,52,87,57,91,65,72,0,91,3
5486,64,38,47,98,62,95,69,20,92,5,52,42,59,82
5490,49,58,44,54,69,87,84,63,26,94,67,11,86,43
5491,77,30,26,101,34,41,0,14,16,96,28,40,83,63
5492,20,46,38,0,100,43,64,33,85,92,4,24,56,41
5493,14,85,85,30,3,97,48,56,81,85,29,32,95,43
5494,94,56,55,18,7,5,66,101,27,2,98,12,65,101
5495,96,48,9,92,12,81,0,82,34,57,16,24,41,49
5496,81,21,89,75,80,19,70,16,94,91,84,31,13,60
5497,2,27,62,92,61,84,85,51,30,73,98,70,46,33
5498,66,53,20,93,41,84,66,62,58,6,89,27,0,24
5499,64,99,45,96,32,19,34,65,98,45,22,85,0,45
5500,90,34,16,28,74,28,1,38,93,30,32,64,26,63
5501,32,94,67,2,92,12,15,9,1,39,81,85,59,90
5502,46,70,92,50,99,87,1,95,100,96,48,53,30,75
5503,51,72,90,98,90,44,87,69,60,15,69,53,5,81
5504,12,70,100,99,85,27,71,68,78,81,79,1,73,29
5505,10,88,101,13,42,3,58,55,46,0,84,21,13,5
5506,28,83,40,9,56,98,72,75,58,65,2,37,22,19
5507,4,70,20,73,93,73,93,30,96,50,7,42,53,54
5509,62,58,47,86,56,70,56,64,40,80,60,90,63,43
5510,100,9,45,6,27,42,46,14,98,101,50,65,36,46
5511,91,85,85,90,71,19,47,4,43,56,30,1,50,66
5512,81,34,69,16,58,71,26,18,72,3,47,47,88,68
5531,97,57,72,56,53,47,68,18,70,75,55,73,96,78
5565,6,87,36,90,43,88,12,97,88,27,47,86,58,77
5566,54,5,14,14,57,3,65,44,33,34,25,34,91,93
5568,2,60,7,53,95,31,33,46,13,9,8,45,3,98
5570,16,64,15,69,100,14,49,71,1,3,39,86,92,26
5573,76,36,80,75,51,45,5,94,81,36,41,3,29,77
5575,62,3,9,29,48,30,69,15,61,60,11,99,22,60
5577,81,101,57,56,58,89,14,59,86,81,78,73,4,7
5581,16,91,11,70,95,47,53,87,56,10,37,25,90,85
5583,21,99,97,45,2,51,100,81,4,14,92,101,12,6
5584,14,10,57,87,101,44,67,52,51,37,26,38,68,6
5590,53,31,69,45,34,42,75,15,97,50,46,70,23,77
5591,45,51,50,29,73,28,1,34,44,26,32,48,100,9
5592,25,11,84,38,77,75,70,24,18,47,45,7,44,63
5593,18,96,68,95,40,9,27,54,58,39,85,35,78,13
5594,55,0,100,26,52,15,22,40,20,0,22,81,72,47
5595,38,43,37,16,93,16,38,80,12,0,74,85,85,18
5598,58,23,71,70,34,96,13,81,30,48,23,69,6,84
5603,18,98,38,5,16,43,10,96,82,73,0,59,21,13
5615,38,12,49,59,63,74,41,24,33,48,50,21,13,87
5616,81,42,52,35,3,27,8,37,52,21,95,62,23,8
5618,55,78,33,66,75,54,55,74,79,33,54,66,80,43
5620,23,8,49,89,89,22,40,27,78,13,36,86,10,72
5621,89,15,52,59,58,14,48,80,74,16,74,61,1,18
5622,91,97,78,82,47,82,92,98,2,93,77,43,91,4
5623,38,39,52,45,65,77,50,54,82,54,7,22,22,36
5624,23,25,65,99,28,86,101,27,3,70,52,100,23,22
5625,40,69,90,32,94,22,84,76,39,38,18,57,49,21
5626,22,12,37,63,61,50,43,41,10,92,7,18,60,50
5627,31,77,77,73,94,46,28,2,82,6,47,44,19,53
5630,97,5,14,63,97,0,10,84,61,18,28,47,22,88
5631,28,82,82,42,92,46,97,87,85,44,92,70,40,44
5632,12,88,56,88,97,95,62,28,49,41,64,96,56,23
5633,90,90,92,89,21,9,43,98,82,4,98,67,75,47
5636,66,38,28,77,97,64,16,62,24,5,56,96,45,17
5637,88,29,48,51,21,32,82,64,10,51,4,67,99,36
5641,57,6,56,60,80,97,19,17,62,35,29,37,81,82
5643,78,59,27,48,78,28,67,86,85,23,72,90,38,50
5644,3,34,22,99,40,50,64,69,0,60,74,24,50,23
5645,47,56,97,12,70,54,47,14,29,9,72,99,14,47
5647,91,73,98,19,49,82,69,44,61,96,72,43,46,33
5649,63,24,54,64,82,0,58,13,9,97,89,89,66,60
5650,94,19,34,79,13,88,8,41,49,4,88,75,59,89
5651,40,68,30,10,96,37,99,37,16,54,94,16,86,96
5653,51,93,92,86,5,22,29,76,54,54,25,52,97,27
5654,34,37,9,63,34,88,12,70,80,41,78,1,31,54
5655,11,82,89,47,53,43,92,1,99,51,47,35,95,30
5656,92,59,40,59,72,26,83,56,48,81,23,29,66,22
5659,38,27,16,68,21,82,12,60,88,42,35,51,20,25
5660,76,9,28,100,67,28,93,54,46,47,71,51,74,77
5662,79,42,73,49,12,22,5,0,52,47,74,8,83,2
5664,99,34,101,38,57,91,60,95,91,94,52,91,75,75
5665,59,52,5,43,24,70,72,7,6,99,90,1,87,12
5666,92,88,53,2,58,96,77,58,76,16,21,72,100,29
5668,87,35,57,14,83,74,82,74,24,83,23,2,75,73
5670,5,53,42,24,26,96,68,71,61,71,70,51,20,75
5671,86,64,74,96,6,61,74,25,72,7,68,90,36,70
5672,16,94,26,26,34,32,16,35,8,21,7,28,21,51
5674,65,100,64,60,89,50,43,30,42,89,67,27,96,54
5675,67,35,91,20,16,80,72,51,70,62,16,75,73,92
5676,99,87,73,54,54,20,11,75,73,5,6,72,90,8
5677,18,56,65,51,70,7,21,93,1,23,53,91,23,11
5678,18,59,58,43,97,83,66,90,46,4,94,69,17,63
5679,79,13,34,89,79,61,76,34,23,3,48,96,0,77
5680,71,44,42,2,36,73,61,32,3,57,64,80,72,25
5681,9,66,77,35,65,15,65,33,95,37,13,31,19,40
5683,21,63,97,41,11,94,42,92,63,62,38,45,18,71
5684,2,90,93,100,61,64,11,69,22,9,43,6,86,37
5694,22,59,3,0,38,69,30,74,7,93,62,93,2,38
5695,5,95,8,85,57,44,40,5,9,20,85,11,35,93
5743,76,59,21,76,54,73,77,71,79,68,59,40,71,83
5746,3,12,4,24,38,98,66,70,64,88,39,10,93,17
5755,37,23,68,46,82,47,46,32,89,1,50,90,44,61
5760,100,82,15,101,33,40,94,9,7,64,90,64,72,43
5776,50,94,47,81,50,66,15,95,6,56,41,86,41,72
5777,31,76,21,44,35,3,100,19,6,75,13,99,94,34
5778,52,14,95,71,92,19,74,36,55,35,98,72,22,17
5813,24,24,76,45,30,70,95,25,29,40,43,25,60,42
5814,59,43,57,32,78,10,15,3,17,53,84,46,90,14
5835,76,20,70,100,56,84,46,17,25,76,77,24,35,11
5848,13,85,66,74,62,58,42,28,94,26,48,88,34,74
5855,85,62,93,96,29,47,76,32,58,23,32,31,9,10
5856,57,20,81,21,73,101,74,77,94,98,87,5,24,47
5918,75,44,12,37,77,26,40,34,90,74,81,43,19,83
